Unnamed: 0,date,pr,rmax,rmin,srad,tmin,tmax,tavg,gdd,cgdd,plant,year,location,Env_Abbr
0,2022-04-25,0.0,100.0,63.1,49.400000000000006,-18.84999999999997,-7.549999999999954,-13.19999999999996,0.0,0.0,Spring wheat,2022,Pullman(SAT),22PULSATS
1,2022-04-26,0.0,100.0,63.6,57.3,-8.849999999999966,-1.0499999999999543,-4.94999999999996,0.0,0.0,Spring wheat,2022,Pullman(SAT),22PULSATS
2,2022-04-27,3.1,100.0,78.4,42.0,-3.849999999999966,1.650000000000034,-1.099999999999966,0.0,0.0,Spring wheat,2022,Pullman(SAT),22PULSATS
3,2022-04-28,5.7,100.0,87.10000000000001,36.6,-6.25,-0.75,-3.5,0.0,0.0,Spring wheat,2022,Pullman(SAT),22PULSATS
4,2022-04-29,13.5,100.0,89.5,51.2,-6.0499999999999545,-1.349999999999966,-3.69999999999996,0.0,0.0,Spring wheat,2022,Pullman(SAT),22PULSATS
5,2022-04-30,18.0,100.0,74.3,32.300000000000004,-3.849999999999966,1.8500000000000227,-0.9999999999999716,0.0,0.0,Spring wheat,2022,Pullman(SAT),22PULSATS
6,2022-05-01,3.3000000000000003,100.0,75.8,41.0,-2.5499999999999545,4.050000000000011,0.7500000000000284,0.7500000000000284,0.7500000000000284,Spring wheat,2022,Pullman(SAT),22PULSATS
7,2022-05-02,0.0,100.0,66.8,38.400000000000006,-5.449999999999989,1.5500000000000114,-1.9499999999999889,0.0,0.7500000000000284,Spring wheat,2022,Pullman(SAT),22PULSATS
8,2022-05-03,0.0,100.0,49.0,68.5,-7.75,3.050000000000012,-2.3499999999999943,0.0,0.7500000000000284,Spring wheat,2022,Pullman(SAT),22PULSATS
9,2022-05-04,0.0,83.4,48.900000000000006,66.7,-5.649999999999977,2.550000000000012,-1.549999999999983,0.0,0.7500000000000284,Spring wheat,2022,Pullman(SAT),22PULSATS
10,2022-05-05,1.2000000000000002,93.0,59.6,29.9,-1.6499999999999773,5.650000000000034,2.0000000000000284,2.0000000000000284,2.750000000000057,Spring wheat,2022,Pullman(SAT),22PULSATS
11,2022-05-06,1.0,86.4,62.900000000000006,39.1,0.8500000000000227,6.4500000000000455,3.650000000000034,3.650000000000034,6.400000000000091,Spring wheat,2022,Pullman(SAT),22PULSATS
12,2022-05-07,0.0,81.80000000000001,54.5,40.0,-0.6499999999999773,6.050000000000011,2.700000000000017,2.700000000000017,9.100000000000108,Spring wheat,2022,Pullman(SAT),22PULSATS
13,2022-05-08,0.0,82.5,54.2,65.8,-0.8499999999999659,6.050000000000011,2.6000000000000227,2.6000000000000227,11.70000000000013,Spring wheat,2022,Pullman(SAT),22PULSATS
14,2022-05-09,0.0,80.30000000000001,58.3,57.900000000000006,-1.849999999999966,3.650000000000034,0.9000000000000341,0.9000000000000341,12.600000000000165,Spring wheat,2022,Pullman(SAT),22PULSATS
15,2022-05-10,0.0,80.30000000000001,58.3,62.3,-1.849999999999966,3.650000000000034,0.9000000000000341,0.9000000000000341,13.5000000000002,Spring wheat,2022,Pullman(SAT),22PULSATS
16,2022-05-11,0.0,84.5,55.0,59.3,-1.5499999999999543,5.4500000000000455,1.9500000000000453,1.9500000000000453,15.450000000000244,Spring wheat,2022,Pullman(SAT),22PULSATS
17,2022-05-12,0.9,86.30000000000001,71.60000000000001,29.5,-0.1499999999999772,3.650000000000034,1.7500000000000284,1.7500000000000284,17.200000000000273,Spring wheat,2022,Pullman(SAT),22PULSATS
18,2022-05-13,6.7,88.10000000000001,64.2,34.2,0.3500000000000227,5.9500000000000455,3.150000000000034,3.150000000000034,20.350000000000307,Spring wheat,2022,Pullman(SAT),22PULSATS
19,2022-05-14,6.9,98.0,62.400000000000006,36.9,-0.3499999999999659,7.150000000000034,3.400000000000034,3.400000000000034,23.75000000000034,Spring wheat,2022,Pullman(SAT),22PULSATS
20,2022-05-15,0.0,94.9,60.3,67.0,-2.349999999999966,5.050000000000011,1.3500000000000227,1.3500000000000227,25.100000000000364,Spring wheat,2022,Pullman(SAT),22PULSATS
21,2022-05-16,0.0,95.8,54.7,75.60000000000001,-3.75,5.050000000000011,0.6500000000000057,0.6500000000000057,25.75000000000037,Spring wheat,2022,Pullman(SAT),22PULSATS
22,2022-05-17,0.0,74.4,50.1,81.5,-2.5499999999999545,3.850000000000023,0.6500000000000341,0.6500000000000341,26.400000000000404,Spring wheat,2022,Pullman(SAT),22PULSATS
23,2022-05-18,0.0,91.2,74.3,51.3,-4.649999999999977,-0.6499999999999773,-2.6499999999999773,0.0,26.400000000000404,Spring wheat,2022,Pullman(SAT),22PULSATS
24,2022-05-19,0.0,87.7,60.3,81.10000000000001,-4.5499999999999545,1.650000000000034,-1.4499999999999602,0.0,26.400000000000404,Spring wheat,2022,Pullman(SAT),22PULSATS
25,2022-05-20,0.0,91.9,78.5,83.0,-4.949999999999989,-1.5499999999999543,-3.249999999999972,0.0,26.400000000000404,Spring wheat,2022,Pullman(SAT),22PULSATS
26,2022-05-21,0.0,91.7,62.5,84.9,-5.849999999999966,0.4500000000000455,-2.69999999999996,0.0,26.400000000000404,Spring wheat,2022,Pullman(SAT),22PULSATS
27,2022-05-22,0.0,93.2,51.2,86.2,-6.75,2.3500000000000227,-2.1999999999999886,0.0,26.400000000000404,Spring wheat,2022,Pullman(SAT),22PULSATS
28,2022-05-23,0.0,95.0,52.7,87.0,-6.849999999999966,2.150000000000034,-2.349999999999966,0.0,26.400000000000404,Spring wheat,2022,Pullman(SAT),22PULSATS
29,2022-05-24,3.1,89.4,48.8,54.3,-4.0499999999999545,5.25,0.6000000000000227,0.6000000000000227,27.000000000000423,Spring wheat,2022,Pullman(SAT),22PULSATS
30,2022-05-25,0.0,100.0,65.9,41.6,-4.949999999999989,3.25,-0.8499999999999943,0.0,27.000000000000423,Spring wheat,2022,Pullman(SAT),22PULSATS
31,2022-05-26,0.4,100.0,66.4,66.0,-10.549999999999956,1.4500000000000457,-4.5499999999999545,0.0,27.000000000000423,Spring wheat,2022,Pullman(SAT),22PULSATS
32,2022-05-27,1.3,100.0,72.0,87.9,-10.449999999999989,-2.75,-6.599999999999994,0.0,27.000000000000423,Spring wheat,2022,Pullman(SAT),22PULSATS
33,2022-05-28,0.0,95.8,66.10000000000001,65.3,-4.449999999999989,1.5500000000000114,-1.4499999999999886,0.0,27.000000000000423,Spring wheat,2022,Pullman(SAT),22PULSATS
34,2022-05-29,0.0,78.9,58.3,70.2,-1.0499999999999543,3.9500000000000455,1.4500000000000457,1.4500000000000457,28.450000000000472,Spring wheat,2022,Pullman(SAT),22PULSATS
35,2022-05-30,0.0,86.2,51.5,97.8,-1.0499999999999543,6.850000000000023,2.900000000000034,2.900000000000034,31.350000000000502,Spring wheat,2022,Pullman(SAT),22PULSATS
36,2022-05-31,0.0,74.2,40.5,94.0,-0.25,8.650000000000034,4.200000000000017,4.200000000000017,35.55000000000052,Spring wheat,2022,Pullman(SAT),22PULSATS
37,2022-06-01,0.0,71.7,30.9,103.8,-0.8499999999999659,11.050000000000011,5.100000000000023,5.100000000000023,40.65000000000055,Spring wheat,2022,Pullman(SAT),22PULSATS
38,2022-06-02,0.0,74.3,41.2,94.0,-0.3499999999999659,8.350000000000023,4.000000000000028,4.000000000000028,44.650000000000574,Spring wheat,2022,Pullman(SAT),22PULSATS
39,2022-06-03,0.0,67.5,33.800000000000004,94.5,1.8500000000000227,11.850000000000025,6.850000000000023,6.850000000000023,51.5000000000006,Spring wheat,2022,Pullman(SAT),22PULSATS
40,2022-06-04,0.0,88.0,32.6,110.7,-0.6499999999999773,13.650000000000034,6.500000000000028,6.500000000000028,58.00000000000063,Spring wheat,2022,Pullman(SAT),22PULSATS
41,2022-06-05,0.0,79.4,34.0,115.4,-1.849999999999966,10.25,4.200000000000017,4.200000000000017,62.20000000000064,Spring wheat,2022,Pullman(SAT),22PULSATS
42,2022-06-06,0.0,71.9,31.0,116.7,-1.9499999999999889,9.850000000000025,3.950000000000017,3.950000000000017,66.15000000000066,Spring wheat,2022,Pullman(SAT),22PULSATS
43,2022-06-07,0.0,68.8,32.0,118.3,-1.0499999999999543,9.75,4.350000000000023,4.350000000000023,70.50000000000068,Spring wheat,2022,Pullman(SAT),22PULSATS
44,2022-06-08,0.7000000000000001,79.80000000000001,53.3,39.7,0.4500000000000455,6.850000000000023,3.650000000000034,3.650000000000034,74.15000000000072,Spring wheat,2022,Pullman(SAT),22PULSATS
45,2022-06-09,0.0,85.5,60.5,108.1,0.0500000000000113,5.75,2.9000000000000057,2.9000000000000057,77.05000000000072,Spring wheat,2022,Pullman(SAT),22PULSATS
46,2022-06-10,0.0,93.2,49.2,115.7,-2.0499999999999545,7.550000000000011,2.7500000000000284,2.7500000000000284,79.80000000000075,Spring wheat,2022,Pullman(SAT),22PULSATS
47,2022-06-11,0.0,86.2,44.5,69.5,-1.6499999999999773,8.150000000000034,3.2500000000000284,3.2500000000000284,83.05000000000078,Spring wheat,2022,Pullman(SAT),22PULSATS
48,2022-06-12,0.0,81.80000000000001,40.400000000000006,124.7,0.1500000000000341,10.550000000000011,5.350000000000023,5.350000000000023,88.4000000000008,Spring wheat,2022,Pullman(SAT),22PULSATS
49,2022-06-13,0.5,77.9,44.400000000000006,110.0,1.25,9.75,5.5,5.5,93.9000000000008,Spring wheat,2022,Pullman(SAT),22PULSATS
50,2022-06-14,1.0,93.0,59.8,108.7,-1.75,5.25,1.75,1.75,95.6500000000008,Spring wheat,2022,Pullman(SAT),22PULSATS
51,2022-06-15,0.0,100.0,63.5,98.1,-10.849999999999966,1.5500000000000114,-4.649999999999977,0.0,95.6500000000008,Spring wheat,2022,Pullman(SAT),22PULSATS
52,2022-06-16,0.0,91.6,48.8,66.10000000000001,-14.349999999999966,-5.649999999999977,-9.999999999999972,0.0,95.6500000000008,Spring wheat,2022,Pullman(SAT),22PULSATS
53,2022-06-17,0.5,76.10000000000001,36.9,142.70000000000002,-15.049999999999956,-5.5499999999999545,-10.299999999999956,0.0,95.6500000000008,Spring wheat,2022,Pullman(SAT),22PULSATS
54,2022-06-18,0.0,90.7,55.3,65.0,-11.549999999999956,-4.349999999999966,-7.94999999999996,0.0,95.6500000000008,Spring wheat,2022,Pullman(SAT),22PULSATS
55,2022-06-19,0.0,100.0,47.6,145.5,-11.949999999999989,-0.8499999999999659,-6.399999999999977,0.0,95.6500000000008,Spring wheat,2022,Pullman(SAT),22PULSATS
56,2022-06-20,0.0,81.60000000000001,35.300000000000004,148.3,-6.5499999999999545,5.050000000000011,-0.7499999999999716,0.0,95.6500000000008,Spring wheat,2022,Pullman(SAT),22PULSATS
57,2022-06-21,2.6,84.9,54.2,76.80000000000001,-0.9499999999999886,6.050000000000011,2.550000000000012,2.550000000000012,98.2000000000008,Spring wheat,2022,Pullman(SAT),22PULSATS
58,2022-06-22,7.9,79.80000000000001,53.400000000000006,51.6,4.25,10.75,7.5,7.5,105.7000000000008,Spring wheat,2022,Pullman(SAT),22PULSATS
59,2022-06-23,4.2,78.0,41.5,94.5,5.850000000000023,15.25,10.550000000000011,10.550000000000011,116.25000000000082,Spring wheat,2022,Pullman(SAT),22PULSATS
60,2022-06-24,13.8,78.60000000000001,59.5,63.5,5.650000000000034,10.150000000000034,7.900000000000034,7.900000000000034,124.15000000000086,Spring wheat,2022,Pullman(SAT),22PULSATS
61,2022-06-25,5.9,100.0,82.4,73.9,-1.0499999999999543,6.350000000000023,2.650000000000034,2.650000000000034,126.80000000000088,Spring wheat,2022,Pullman(SAT),22PULSATS
62,2022-06-26,0.9,96.1,57.3,160.60000000000002,-1.5499999999999543,6.25,2.3500000000000227,2.3500000000000227,129.15000000000092,Spring wheat,2022,Pullman(SAT),22PULSATS
63,2022-06-27,0.0,87.60000000000001,45.8,131.0,-1.6499999999999773,7.75,3.050000000000012,3.050000000000012,132.20000000000093,Spring wheat,2022,Pullman(SAT),22PULSATS
64,2022-06-28,0.0,77.30000000000001,41.3,159.5,-1.4499999999999886,7.450000000000045,3.0000000000000284,3.0000000000000284,135.20000000000095,Spring wheat,2022,Pullman(SAT),22PULSATS
65,2022-06-29,0.0,71.5,32.9,173.20000000000002,0.3500000000000227,11.150000000000034,5.750000000000028,5.750000000000028,140.95000000000098,Spring wheat,2022,Pullman(SAT),22PULSATS
66,2022-06-30,0.5,96.3,46.6,123.2,-4.349999999999966,6.050000000000011,0.8500000000000227,0.8500000000000227,141.800000000001,Spring wheat,2022,Pullman(SAT),22PULSATS
67,2022-07-01,0.0,76.5,37.1,190.3,-7.949999999999989,1.75,-3.0999999999999943,0.0,141.800000000001,Spring wheat,2022,Pullman(SAT),22PULSATS
68,2022-07-02,0.0,53.400000000000006,23.0,91.4,-6.149999999999977,4.25,-0.9499999999999886,0.0,141.800000000001,Spring wheat,2022,Pullman(SAT),22PULSATS
69,2022-07-03,0.0,60.8,33.800000000000004,96.9,-0.8499999999999659,7.050000000000011,3.1000000000000227,3.1000000000000227,144.90000000000103,Spring wheat,2022,Pullman(SAT),22PULSATS
70,2022-07-04,6.800000000000001,71.2,25.6,133.8,2.150000000000034,16.350000000000023,9.250000000000028,9.250000000000028,154.15000000000106,Spring wheat,2022,Pullman(SAT),22PULSATS
71,2022-07-05,0.0,84.2,53.8,117.7,1.75,8.550000000000011,5.150000000000006,5.150000000000006,159.30000000000106,Spring wheat,2022,Pullman(SAT),22PULSATS
72,2022-07-06,7.5,82.60000000000001,49.2,82.10000000000001,3.550000000000012,11.350000000000025,7.450000000000017,7.450000000000017,166.75000000000108,Spring wheat,2022,Pullman(SAT),22PULSATS
73,2022-07-07,2.9000000000000004,86.60000000000001,50.1,142.8,3.550000000000012,11.850000000000025,7.700000000000017,7.700000000000017,174.4500000000011,Spring wheat,2022,Pullman(SAT),22PULSATS
74,2022-07-08,0.0,89.80000000000001,47.2,138.9,0.25,9.75,5.0,5.0,179.4500000000011,Spring wheat,2022,Pullman(SAT),22PULSATS
75,2022-07-09,0.8,87.60000000000001,34.6,189.6,0.25,13.550000000000011,6.900000000000006,6.900000000000006,186.3500000000011,Spring wheat,2022,Pullman(SAT),22PULSATS
76,2022-07-10,0.7000000000000001,93.5,52.900000000000006,170.60000000000002,3.050000000000012,11.75,7.400000000000006,7.400000000000006,193.7500000000011,Spring wheat,2022,Pullman(SAT),22PULSATS
77,2022-07-11,2.4000000000000004,100.0,53.8,150.5,-0.6499999999999773,10.650000000000034,5.000000000000028,5.000000000000028,198.7500000000012,Spring wheat,2022,Pullman(SAT),22PULSATS
78,2022-07-12,1.3,79.7,45.5,182.3,-0.8499999999999659,7.25,3.200000000000017,3.200000000000017,201.95000000000115,Spring wheat,2022,Pullman(SAT),22PULSATS
79,2022-07-13,1.8,85.10000000000001,52.8,59.5,0.8500000000000227,8.050000000000011,4.450000000000017,4.450000000000017,206.4000000000012,Spring wheat,2022,Pullman(SAT),22PULSATS
80,2022-07-14,0.0,81.5,47.400000000000006,153.1,4.75,12.950000000000044,8.850000000000023,8.850000000000023,215.2500000000012,Spring wheat,2022,Pullman(SAT),22PULSATS
81,2022-07-15,0.0,100.0,42.7,187.0,4.650000000000034,18.350000000000023,11.500000000000028,11.500000000000028,226.7500000000012,Spring wheat,2022,Pullman(SAT),22PULSATS
82,2022-07-16,0.0,95.8,45.6,205.8,2.3500000000000227,13.450000000000044,7.900000000000034,7.900000000000034,234.65000000000128,Spring wheat,2022,Pullman(SAT),22PULSATS
83,2022-07-17,0.0,85.9,41.1,177.60000000000002,3.3500000000000227,14.25,8.800000000000011,8.800000000000011,243.45000000000127,Spring wheat,2022,Pullman(SAT),22PULSATS
84,2022-07-18,0.0,92.5,39.2,194.7,4.050000000000011,16.850000000000023,10.450000000000015,10.450000000000015,253.90000000000128,Spring wheat,2022,Pullman(SAT),22PULSATS
85,2022-07-19,0.0,97.1,40.5,195.4,6.25,19.55000000000001,12.900000000000006,12.900000000000006,266.8000000000013,Spring wheat,2022,Pullman(SAT),22PULSATS
86,2022-07-20,0.0,93.8,48.3,175.20000000000002,5.850000000000023,16.05000000000001,10.950000000000015,10.950000000000015,277.75000000000136,Spring wheat,2022,Pullman(SAT),22PULSATS
87,2022-07-21,0.0,76.9,38.900000000000006,230.6,5.050000000000011,15.050000000000011,10.050000000000011,10.050000000000011,287.8000000000014,Spring wheat,2022,Pullman(SAT),22PULSATS
88,2022-07-22,0.0,93.9,49.6,157.3,1.8500000000000227,11.450000000000044,6.650000000000034,6.650000000000034,294.4500000000014,Spring wheat,2022,Pullman(SAT),22PULSATS
89,2022-07-23,0.0,89.30000000000001,44.400000000000006,153.3,-0.25,9.950000000000044,4.850000000000023,4.850000000000023,299.30000000000143,Spring wheat,2022,Pullman(SAT),22PULSATS
90,2022-07-24,3.2,97.5,40.0,198.6,-1.5499999999999543,12.25,5.350000000000023,5.350000000000023,304.65000000000146,Spring wheat,2022,Pullman(SAT),22PULSATS
91,2022-07-25,0.0,79.2,45.900000000000006,193.9,1.9500000000000453,10.950000000000044,6.4500000000000455,6.4500000000000455,311.1000000000015,Spring wheat,2022,Pullman(SAT),22PULSATS
92,2022-07-26,7.5,81.80000000000001,37.4,178.0,0.8500000000000227,13.150000000000034,7.000000000000028,7.000000000000028,318.1000000000015,Spring wheat,2022,Pullman(SAT),22PULSATS
93,2022-07-27,3.8,88.30000000000001,57.7,158.5,1.8500000000000227,9.25,5.550000000000011,5.550000000000011,323.6500000000015,Spring wheat,2022,Pullman(SAT),22PULSATS
94,2022-07-28,0.0,76.5,40.3,156.70000000000002,-1.25,8.850000000000023,3.8000000000000114,3.8000000000000114,327.4500000000015,Spring wheat,2022,Pullman(SAT),22PULSATS
95,2022-07-29,0.0,72.5,31.6,257.0,-0.6499999999999773,12.050000000000011,5.700000000000017,5.700000000000017,333.1500000000016,Spring wheat,2022,Pullman(SAT),22PULSATS
96,2022-07-30,0.0,71.3,25.3,250.8,4.350000000000023,20.450000000000045,12.400000000000034,12.400000000000034,345.5500000000016,Spring wheat,2022,Pullman(SAT),22PULSATS
97,2022-07-31,0.0,100.0,46.2,140.6,0.25,13.25,6.75,6.75,352.3000000000016,Spring wheat,2022,Pullman(SAT),22PULSATS
98,2022-08-01,1.9,82.80000000000001,43.0,95.7,-2.25,8.050000000000011,2.9000000000000057,2.9000000000000057,355.20000000000164,Spring wheat,2022,Pullman(SAT),22PULSATS
99,2022-08-02,3.3000000000000003,80.10000000000001,58.8,159.3,-2.0499999999999545,3.550000000000012,0.7500000000000284,0.7500000000000284,355.95000000000164,Spring wheat,2022,Pullman(SAT),22PULSATS
100,2022-08-03,6.2,85.2,69.7,203.1,-1.9499999999999889,2.25,0.1500000000000056,0.1500000000000056,356.1000000000016,Spring wheat,2022,Pullman(SAT),22PULSATS
101,2022-08-04,0.4,85.5,54.3,175.3,-4.0499999999999545,3.450000000000045,-0.2999999999999545,0.0,356.1000000000016,Spring wheat,2022,Pullman(SAT),22PULSATS
102,2022-08-05,1.9,83.0,40.7,174.10000000000002,-4.649999999999977,6.25,0.8000000000000114,0.8000000000000114,356.9000000000016,Spring wheat,2022,Pullman(SAT),22PULSATS
103,2022-08-06,3.3000000000000003,85.80000000000001,57.0,95.8,-4.149999999999977,2.75,-0.6999999999999886,0.0,356.9000000000016,Spring wheat,2022,Pullman(SAT),22PULSATS
104,2022-08-07,0.3,77.4,46.2,168.5,-2.9499999999999886,5.350000000000023,1.200000000000017,1.200000000000017,358.1000000000016,Spring wheat,2022,Pullman(SAT),22PULSATS
105,2022-08-08,3.1,79.10000000000001,45.7,192.2,-2.1499999999999773,6.650000000000034,2.2500000000000284,2.2500000000000284,360.3500000000016,Spring wheat,2022,Pullman(SAT),22PULSATS
106,2022-08-09,0.0,75.4,38.8,276.90000000000003,-1.4499999999999886,8.950000000000045,3.750000000000029,3.750000000000029,364.1000000000016,Spring wheat,2022,Pullman(SAT),22PULSATS
107,2022-08-10,2.7,81.0,38.1,216.8,2.050000000000012,14.050000000000011,8.050000000000011,8.050000000000011,372.1500000000016,Spring wheat,2022,Pullman(SAT),22PULSATS
108,2022-08-11,0.9,84.2,45.1,247.2,0.5500000000000114,10.650000000000034,5.600000000000023,5.600000000000023,377.7500000000017,Spring wheat,2022,Pullman(SAT),22PULSATS
109,2022-08-12,1.2000000000000002,94.9,44.7,248.4,0.5500000000000114,12.550000000000011,6.550000000000011,6.550000000000011,384.30000000000166,Spring wheat,2022,Pullman(SAT),22PULSATS
110,2022-08-13,0.0,100.0,52.400000000000006,217.8,0.9500000000000456,11.75,6.350000000000023,6.350000000000023,390.6500000000017,Spring wheat,2022,Pullman(SAT),22PULSATS
111,2022-08-14,0.0,85.0,38.5,274.0,0.9500000000000456,13.450000000000044,7.2000000000000455,7.2000000000000455,397.8500000000017,Spring wheat,2022,Pullman(SAT),22PULSATS
112,2022-08-15,0.0,86.30000000000001,40.7,287.0,1.9500000000000453,13.950000000000044,7.950000000000045,7.950000000000045,405.8000000000018,Spring wheat,2022,Pullman(SAT),22PULSATS
113,2022-08-16,0.0,74.8,32.4,292.6,3.3500000000000227,16.55000000000001,9.950000000000015,9.950000000000015,415.7500000000018,Spring wheat,2022,Pullman(SAT),22PULSATS
114,2022-08-17,7.4,81.0,37.7,256.8,5.350000000000023,17.75,11.550000000000011,11.550000000000011,427.3000000000018,Spring wheat,2022,Pullman(SAT),22PULSATS
115,2022-08-18,1.0,92.6,57.1,161.5,2.450000000000045,10.75,6.600000000000023,6.600000000000023,433.90000000000185,Spring wheat,2022,Pullman(SAT),22PULSATS
116,2022-08-19,0.0,77.5,47.5,190.8,1.75,9.950000000000044,5.850000000000023,5.850000000000023,439.7500000000019,Spring wheat,2022,Pullman(SAT),22PULSATS
117,2022-08-20,0.0,84.7,44.0,189.7,1.8500000000000227,12.450000000000044,7.150000000000034,7.150000000000034,446.9000000000019,Spring wheat,2022,Pullman(SAT),22PULSATS
118,2022-08-21,1.5,78.9,45.400000000000006,185.4,3.450000000000045,12.650000000000034,8.05000000000004,8.05000000000004,454.950000000002,Spring wheat,2022,Pullman(SAT),22PULSATS
119,2022-08-22,5.9,87.60000000000001,59.8,165.10000000000002,4.4500000000000455,11.350000000000025,7.900000000000034,7.900000000000034,462.850000000002,Spring wheat,2022,Pullman(SAT),22PULSATS
120,2022-08-23,0.0,84.9,62.400000000000006,289.40000000000003,5.350000000000023,11.950000000000044,8.650000000000034,8.650000000000034,471.5000000000021,Spring wheat,2022,Pullman(SAT),22PULSATS
121,2022-08-24,1.0,96.4,59.900000000000006,246.1,4.050000000000011,13.050000000000011,8.550000000000011,8.550000000000011,480.05000000000206,Spring wheat,2022,Pullman(SAT),22PULSATS
122,2022-08-25,0.0,94.0,53.900000000000006,283.7,4.350000000000023,14.550000000000011,9.450000000000015,9.450000000000015,489.5000000000021,Spring wheat,2022,Pullman(SAT),22PULSATS
123,2022-08-26,0.0,82.9,38.0,279.2,7.150000000000034,20.950000000000045,14.05000000000004,14.05000000000004,503.5500000000021,Spring wheat,2022,Pullman(SAT),22PULSATS
124,2022-08-27,11.2,93.2,58.6,181.6,7.350000000000023,16.350000000000023,11.850000000000025,11.850000000000025,515.4000000000021,Spring wheat,2022,Pullman(SAT),22PULSATS
125,2022-08-28,17.3,88.80000000000001,71.10000000000001,153.3,6.550000000000011,11.950000000000044,9.250000000000028,9.250000000000028,524.6500000000021,Spring wheat,2022,Pullman(SAT),22PULSATS
126,2022-08-29,4.7,92.4,63.3,247.5,2.450000000000045,9.950000000000044,6.2000000000000455,6.2000000000000455,530.8500000000022,Spring wheat,2022,Pullman(SAT),22PULSATS
127,2022-08-30,0.0,78.9,48.900000000000006,254.2,0.1500000000000341,8.950000000000045,4.55000000000004,4.55000000000004,535.4000000000023,Spring wheat,2022,Pullman(SAT),22PULSATS
128,2022-08-31,0.0,83.30000000000001,46.5,254.5,0.0500000000000113,10.350000000000025,5.200000000000017,5.200000000000017,540.6000000000023,Spring wheat,2022,Pullman(SAT),22PULSATS
129,2022-09-01,0.0,83.5,39.3,299.7,-0.3499999999999659,12.350000000000025,6.000000000000028,6.000000000000028,546.6000000000023,Spring wheat,2022,Pullman(SAT),22PULSATS
130,2022-09-02,0.0,78.9,35.4,335.20000000000005,0.8500000000000227,14.350000000000025,7.600000000000023,7.600000000000023,554.2000000000023,Spring wheat,2022,Pullman(SAT),22PULSATS
131,2022-09-03,9.7,87.5,39.8,229.5,1.4500000000000457,14.850000000000025,8.150000000000034,8.150000000000034,562.3500000000024,Spring wheat,2022,Pullman(SAT),22PULSATS
132,2022-09-04,2.3000000000000003,75.60000000000001,48.3,326.40000000000003,2.3500000000000227,10.850000000000025,6.600000000000023,6.600000000000023,568.9500000000024,Spring wheat,2022,Pullman(SAT),22PULSATS
133,2022-09-05,5.2,78.7,55.7,142.4,5.850000000000023,13.050000000000011,9.450000000000015,9.450000000000015,578.4000000000025,Spring wheat,2022,Pullman(SAT),22PULSATS
134,2022-09-06,4.5,93.6,44.8,297.8,7.650000000000034,20.850000000000023,14.250000000000028,14.250000000000028,592.6500000000025,Spring wheat,2022,Pullman(SAT),22PULSATS
135,2022-09-07,0.0,100.0,60.900000000000006,299.0,5.050000000000011,15.25,10.150000000000006,10.150000000000006,602.8000000000025,Spring wheat,2022,Pullman(SAT),22PULSATS
136,2022-09-08,0.0,77.2,42.2,333.1,4.550000000000011,15.450000000000044,10.000000000000028,10.000000000000028,612.8000000000025,Spring wheat,2022,Pullman(SAT),22PULSATS
137,2022-09-09,0.9,93.2,48.6,167.5,2.75,14.25,8.5,8.5,621.3000000000025,Spring wheat,2022,Pullman(SAT),22PULSATS
138,2022-09-10,0.0,68.8,44.400000000000006,210.7,3.150000000000034,11.550000000000011,7.350000000000023,7.350000000000023,628.6500000000025,Spring wheat,2022,Pullman(SAT),22PULSATS
139,2022-09-11,0.0,81.4,40.8,167.8,2.150000000000034,14.150000000000034,8.150000000000034,8.150000000000034,636.8000000000025,Spring wheat,2022,Pullman(SAT),22PULSATS
140,2022-09-12,0.9,92.3,44.1,293.1,1.650000000000034,14.350000000000025,8.000000000000028,8.000000000000028,644.8000000000025,Spring wheat,2022,Pullman(SAT),22PULSATS
141,2022-09-13,0.0,89.60000000000001,36.8,342.3,2.3500000000000227,17.350000000000023,9.850000000000025,9.850000000000025,654.6500000000025,Spring wheat,2022,Pullman(SAT),22PULSATS
142,2022-09-14,1.0,89.30000000000001,36.7,289.3,2.75,17.75,10.25,10.25,664.9000000000025,Spring wheat,2022,Pullman(SAT),22PULSATS
143,2022-09-15,0.0,96.9,42.5,304.1,3.9500000000000455,18.15000000000004,11.05000000000004,11.05000000000004,675.9500000000025,Spring wheat,2022,Pullman(SAT),22PULSATS
144,2022-09-16,0.0,77.0,47.3,249.3,9.950000000000044,19.450000000000045,14.700000000000044,14.700000000000044,690.6500000000026,Spring wheat,2022,Pullman(SAT),22PULSATS
145,2022-09-17,6.2,88.60000000000001,41.1,279.3,9.150000000000034,22.950000000000045,16.05000000000004,16.05000000000004,706.7000000000027,Spring wheat,2022,Pullman(SAT),22PULSATS
146,2022-09-18,2.1,88.60000000000001,54.8,247.7,8.150000000000034,17.450000000000045,12.80000000000004,12.80000000000004,719.5000000000027,Spring wheat,2022,Pullman(SAT),22PULSATS
147,2022-09-19,1.8,82.30000000000001,60.8,180.7,7.150000000000034,13.75,10.450000000000015,10.450000000000015,729.9500000000028,Spring wheat,2022,Pullman(SAT),22PULSATS
148,2022-09-20,2.3000000000000003,86.0,66.5,211.2,6.25,12.150000000000034,9.200000000000015,9.200000000000015,739.1500000000028,Spring wheat,2022,Pullman(SAT),22PULSATS
149,2022-09-21,0.0,99.2,75.3,176.70000000000002,4.350000000000023,10.450000000000044,7.400000000000034,7.400000000000034,746.5500000000029,Spring wheat,2022,Pullman(SAT),22PULSATS
150,2022-09-22,0.0,90.3,39.8,313.8,5.850000000000023,20.15000000000004,13.000000000000028,13.000000000000028,759.5500000000029,Spring wheat,2022,Pullman(SAT),22PULSATS
151,2022-09-23,0.0,74.8,38.400000000000006,305.40000000000003,10.050000000000011,22.55000000000001,16.30000000000001,16.30000000000001,775.8500000000029,Spring wheat,2022,Pullman(SAT),22PULSATS
152,2022-09-24,5.7,86.5,37.5,240.2,10.75,25.950000000000045,18.350000000000023,18.350000000000023,794.2000000000029,Spring wheat,2022,Pullman(SAT),22PULSATS
153,2022-09-25,8.0,99.9,52.400000000000006,255.0,9.650000000000034,21.75,15.700000000000015,15.700000000000015,809.9000000000029,Spring wheat,2022,Pullman(SAT),22PULSATS
154,2022-09-26,7.9,100.0,71.60000000000001,156.70000000000002,8.450000000000045,15.75,12.100000000000025,12.100000000000025,822.000000000003,Spring wheat,2022,Pullman(SAT),22PULSATS
155,2022-09-27,4.0,91.5,50.8,245.0,9.450000000000044,20.65000000000004,15.05000000000004,15.05000000000004,837.050000000003,Spring wheat,2022,Pullman(SAT),22PULSATS
156,2022-09-28,0.4,98.3,47.1,281.5,6.150000000000034,19.350000000000023,12.750000000000028,12.750000000000028,849.800000000003,Spring wheat,2022,Pullman(SAT),22PULSATS
157,2022-09-29,0.0,90.3,40.5,338.6,7.950000000000045,22.350000000000023,15.150000000000034,15.150000000000034,864.950000000003,Spring wheat,2022,Pullman(SAT),22PULSATS
158,2022-09-30,0.0,87.7,44.400000000000006,276.1,10.050000000000011,22.75,16.400000000000006,16.400000000000006,881.350000000003,Spring wheat,2022,Pullman(SAT),22PULSATS
159,2022-10-01,3.2,74.5,40.400000000000006,210.9,12.350000000000025,24.15000000000004,18.25000000000003,18.25000000000003,899.600000000003,Spring wheat,2022,Pullman(SAT),22PULSATS
160,2022-10-02,18.5,93.7,72.10000000000001,141.9,12.350000000000025,18.65000000000004,15.500000000000028,15.500000000000028,915.100000000003,Spring wheat,2022,Pullman(SAT),22PULSATS
161,2022-10-03,5.1000000000000005,94.2,59.900000000000006,200.4,11.150000000000034,20.350000000000023,15.750000000000028,15.750000000000028,930.850000000003,Spring wheat,2022,Pullman(SAT),22PULSATS
162,2022-10-04,18.5,100.0,54.3,217.7,4.850000000000023,19.950000000000045,12.400000000000034,12.400000000000034,943.250000000003,Spring wheat,2022,Pullman(SAT),22PULSATS
163,2022-10-05,11.5,100.0,74.0,178.4,4.350000000000023,11.050000000000011,7.700000000000017,7.700000000000017,950.950000000003,Spring wheat,2022,Pullman(SAT),22PULSATS
164,2022-10-06,0.0,82.5,56.1,208.5,5.350000000000023,13.25,9.300000000000011,9.300000000000011,960.250000000003,Spring wheat,2022,Pullman(SAT),22PULSATS
165,2022-10-07,0.0,85.9,39.5,332.0,7.850000000000023,21.850000000000023,14.850000000000025,14.850000000000025,975.100000000003,Spring wheat,2022,Pullman(SAT),22PULSATS
166,2022-10-08,0.0,81.80000000000001,48.7,319.5,11.650000000000034,21.950000000000045,16.80000000000004,16.80000000000004,991.900000000003,Spring wheat,2022,Pullman(SAT),22PULSATS
167,2022-10-09,1.7000000000000002,99.1,59.5,267.40000000000003,9.850000000000025,19.850000000000023,14.850000000000025,14.850000000000025,1006.7500000000032,Spring wheat,2022,Pullman(SAT),22PULSATS
168,2022-10-10,6.4,88.4,68.4,118.8,8.850000000000023,14.950000000000044,11.900000000000034,11.900000000000034,1018.650000000003,Spring wheat,2022,Pullman(SAT),22PULSATS
169,2022-10-11,3.5,82.60000000000001,54.5,206.6,8.25,16.75,12.5,12.5,1031.150000000003,Spring wheat,2022,Pullman(SAT),22PULSATS
170,2022-10-12,1.8,87.0,50.1,250.6,8.850000000000023,19.450000000000045,14.150000000000034,14.150000000000034,1045.3000000000031,Spring wheat,2022,Pullman(SAT),22PULSATS
171,2022-10-13,0.0,86.4,36.7,338.20000000000005,9.650000000000034,25.05000000000001,17.350000000000023,17.350000000000023,1062.6500000000033,Spring wheat,2022,Pullman(SAT),22PULSATS
172,2022-10-14,0.0,94.3,36.9,338.6,10.150000000000034,26.950000000000045,18.55000000000004,18.55000000000004,1081.2000000000032,Spring wheat,2022,Pullman(SAT),22PULSATS
173,2022-10-15,0.0,79.5,37.5,340.5,9.150000000000034,22.850000000000023,16.00000000000003,16.00000000000003,1097.2000000000032,Spring wheat,2022,Pullman(SAT),22PULSATS
174,2022-10-16,0.0,75.5,31.9,330.20000000000005,7.75,23.05000000000001,15.400000000000006,15.400000000000006,1112.600000000003,Spring wheat,2022,Pullman(SAT),22PULSATS
175,2022-10-17,0.0,78.4,28.4,346.5,8.550000000000011,26.350000000000023,17.450000000000017,17.450000000000017,1130.0500000000034,Spring wheat,2022,Pullman(SAT),22PULSATS
176,2022-10-18,0.0,70.10000000000001,27.0,348.0,11.650000000000034,28.850000000000023,20.25000000000003,20.25000000000003,1150.3000000000034,Spring wheat,2022,Pullman(SAT),22PULSATS
177,2022-10-19,0.0,75.9,28.200000000000003,338.90000000000003,14.75,32.950000000000045,23.850000000000023,23.850000000000023,1174.1500000000033,Spring wheat,2022,Pullman(SAT),22PULSATS
178,2022-10-20,0.0,85.2,32.0,338.40000000000003,9.950000000000044,27.350000000000023,18.65000000000004,18.65000000000004,1192.8000000000034,Spring wheat,2022,Pullman(SAT),22PULSATS
179,2022-10-21,0.0,76.7,35.9,340.40000000000003,9.850000000000025,23.75,16.80000000000001,16.80000000000001,1209.600000000003,Spring wheat,2022,Pullman(SAT),22PULSATS
180,2022-10-22,0.0,88.4,31.5,330.5,8.850000000000023,26.950000000000045,17.900000000000034,17.900000000000034,1227.5000000000034,Spring wheat,2022,Pullman(SAT),22PULSATS
181,2022-10-23,0.0,100.0,36.3,338.1,9.950000000000044,27.55000000000001,18.75000000000003,18.75000000000003,1246.2500000000034,Spring wheat,2022,Pullman(SAT),22PULSATS
182,2022-10-24,6.300000000000001,100.0,42.2,329.40000000000003,10.350000000000025,26.850000000000023,18.600000000000023,18.600000000000023,1264.8500000000035,Spring wheat,2022,Pullman(SAT),22PULSATS
183,2022-10-25,3.2,100.0,67.5,255.2,11.650000000000034,20.75,16.200000000000017,16.200000000000017,1281.0500000000036,Spring wheat,2022,Pullman(SAT),22PULSATS
184,2022-10-26,2.9000000000000004,100.0,64.5,257.1,9.350000000000025,19.25,14.300000000000011,14.300000000000011,1295.3500000000035,Spring wheat,2022,Pullman(SAT),22PULSATS
185,2022-10-27,0.3,86.10000000000001,38.7,256.6,12.550000000000011,26.350000000000023,19.450000000000017,19.450000000000017,1314.8000000000036,Spring wheat,2022,Pullman(SAT),22PULSATS
186,2022-10-28,0.0,96.6,50.3,327.70000000000005,14.150000000000034,25.850000000000023,20.00000000000003,20.00000000000003,1334.8000000000036,Spring wheat,2022,Pullman(SAT),22PULSATS
187,2022-10-29,0.0,100.0,56.5,319.40000000000003,13.150000000000034,24.65000000000004,18.90000000000004,18.90000000000004,1353.7000000000037,Spring wheat,2022,Pullman(SAT),22PULSATS
188,2022-10-30,0.0,98.6,46.2,329.90000000000003,13.150000000000034,26.450000000000045,19.80000000000004,19.80000000000004,1373.5000000000036,Spring wheat,2022,Pullman(SAT),22PULSATS
189,2022-10-31,0.0,95.9,42.5,318.1,12.25,26.350000000000023,19.30000000000001,19.30000000000001,1392.8000000000036,Spring wheat,2022,Pullman(SAT),22PULSATS
190,2022-11-01,0.0,86.30000000000001,37.8,329.0,10.650000000000034,24.65000000000004,17.650000000000034,17.650000000000034,1410.4500000000037,Spring wheat,2022,Pullman(SAT),22PULSATS
191,2022-11-02,0.0,81.30000000000001,32.4,331.3,12.350000000000025,27.950000000000045,20.15000000000004,20.15000000000004,1430.6000000000038,Spring wheat,2022,Pullman(SAT),22PULSATS
192,2022-11-03,0.6000000000000001,91.3,32.2,331.0,14.25,32.150000000000034,23.200000000000017,23.200000000000017,1453.8000000000038,Spring wheat,2022,Pullman(SAT),22PULSATS
193,2022-11-04,0.0,92.5,34.5,309.90000000000003,12.350000000000025,29.15000000000004,20.75000000000003,20.75000000000003,1474.5500000000038,Spring wheat,2022,Pullman(SAT),22PULSATS
194,2022-11-05,0.0,92.6,30.1,331.3,10.850000000000025,29.65000000000004,20.25000000000003,20.25000000000003,1494.8000000000038,Spring wheat,2022,Pullman(SAT),22PULSATS
195,2022-11-06,0.0,81.2,27.4,328.0,11.450000000000044,29.55000000000001,20.50000000000003,20.50000000000003,1515.3000000000038,Spring wheat,2022,Pullman(SAT),22PULSATS
196,2022-11-07,0.0,75.9,29.700000000000003,327.8,13.550000000000011,29.450000000000045,21.50000000000003,21.50000000000003,1536.8000000000038,Spring wheat,2022,Pullman(SAT),22PULSATS
197,2022-11-08,0.5,86.2,40.1,326.3,13.150000000000034,26.450000000000045,19.80000000000004,19.80000000000004,1556.6000000000038,Spring wheat,2022,Pullman(SAT),22PULSATS
198,2022-11-09,0.0,74.3,38.1,329.6,11.650000000000034,23.15000000000004,17.400000000000034,17.400000000000034,1574.000000000004,Spring wheat,2022,Pullman(SAT),22PULSATS
199,2022-11-10,0.0,75.4,26.0,327.6,11.850000000000025,29.55000000000001,20.700000000000017,20.700000000000017,1594.700000000004,Spring wheat,2022,Pullman(SAT),22PULSATS
200,2022-11-11,0.0,70.7,21.3,328.5,12.550000000000011,32.35000000000002,22.450000000000017,22.450000000000017,1617.150000000004,Spring wheat,2022,Pullman(SAT),22PULSATS
201,2022-11-12,0.0,65.9,19.200000000000003,329.5,12.650000000000034,32.85000000000002,22.75000000000003,22.75000000000003,1639.900000000004,Spring wheat,2022,Pullman(SAT),22PULSATS
202,2022-11-13,0.0,68.5,25.5,326.70000000000005,12.050000000000011,28.450000000000045,20.25000000000003,20.25000000000003,1660.150000000004,Spring wheat,2022,Pullman(SAT),22PULSATS
203,2022-11-14,0.0,88.4,27.200000000000003,322.1,10.150000000000034,29.65000000000004,19.90000000000004,19.90000000000004,1680.050000000004,Spring wheat,2022,Pullman(SAT),22PULSATS
204,2022-11-15,0.0,68.5,25.3,321.20000000000005,14.550000000000011,31.350000000000023,22.950000000000017,22.950000000000017,1703.000000000004,Spring wheat,2022,Pullman(SAT),22PULSATS
205,2022-11-16,0.0,64.8,22.0,312.70000000000005,15.450000000000044,33.55000000000001,24.50000000000003,24.50000000000003,1727.500000000004,Spring wheat,2022,Pullman(SAT),22PULSATS
206,2022-11-17,0.0,67.10000000000001,23.200000000000003,315.40000000000003,16.25,34.25,25.25,25.25,1752.750000000004,Spring wheat,2022,Pullman(SAT),22PULSATS
207,2022-11-18,0.0,67.60000000000001,22.700000000000003,304.90000000000003,16.850000000000023,35.450000000000045,26.15000000000004,26.15000000000004,1778.9000000000042,Spring wheat,2022,Pullman(SAT),22PULSATS
208,2022-11-19,0.0,70.0,23.0,310.40000000000003,17.150000000000034,36.150000000000034,26.65000000000004,26.65000000000004,1805.5500000000045,Spring wheat,2022,Pullman(SAT),22PULSATS
209,2022-11-20,0.0,58.5,17.1,318.5,16.75,37.25,27.0,27.0,1832.5500000000045,Spring wheat,2022,Pullman(SAT),22PULSATS
210,2022-11-21,0.0,46.400000000000006,15.3,315.20000000000005,17.05000000000001,35.05000000000001,26.05000000000001,26.05000000000001,1858.600000000004,Spring wheat,2022,Pullman(SAT),22PULSATS
211,2022-11-22,0.0,41.2,13.8,314.40000000000003,17.150000000000034,34.650000000000034,25.90000000000004,25.90000000000004,1884.5000000000043,Spring wheat,2022,Pullman(SAT),22PULSATS
212,2022-11-23,0.0,42.7,13.5,245.9,18.350000000000023,33.35000000000002,25.850000000000023,25.850000000000023,1910.3500000000045,Spring wheat,2022,Pullman(SAT),22PULSATS
213,2022-11-24,0.0,63.5,20.6,299.1,15.050000000000011,31.350000000000023,23.200000000000017,23.200000000000017,1933.5500000000045,Spring wheat,2022,Pullman(SAT),22PULSATS
214,2022-11-25,0.0,60.8,16.8,296.0,15.150000000000034,33.55000000000001,24.350000000000023,24.350000000000023,1957.9000000000049,Spring wheat,2022,Pullman(SAT),22PULSATS
215,2022-11-26,0.0,83.7,27.4,297.5,9.950000000000044,26.55000000000001,18.25000000000003,18.25000000000003,1976.1500000000049,Spring wheat,2022,Pullman(SAT),22PULSATS
216,2022-11-27,0.0,84.60000000000001,26.4,291.2,9.050000000000011,26.25,17.650000000000006,17.650000000000006,1993.8000000000047,Spring wheat,2022,Pullman(SAT),22PULSATS
217,2022-11-28,0.0,80.0,21.9,297.2,8.850000000000023,27.75,18.30000000000001,18.30000000000001,2012.100000000005,Spring wheat,2022,Pullman(SAT),22PULSATS
218,2022-11-29,0.0,65.8,15.2,293.7,10.350000000000025,30.950000000000045,20.65000000000004,20.65000000000004,2032.7500000000048,Spring wheat,2022,Pullman(SAT),22PULSATS
219,2022-11-30,0.0,44.2,10.7,292.7,16.850000000000023,35.35000000000002,26.100000000000023,26.100000000000023,2058.850000000005,Spring wheat,2022,Pullman(SAT),22PULSATS
220,2022-12-01,0.9,50.5,16.5,207.9,18.65000000000004,34.150000000000034,26.40000000000004,26.40000000000004,2085.250000000005,Spring wheat,2022,Pullman(SAT),22PULSATS
221,2022-12-02,1.5,84.80000000000001,31.6,227.5,16.650000000000034,32.150000000000034,24.40000000000004,24.40000000000004,2109.650000000005,Spring wheat,2022,Pullman(SAT),22PULSATS
222,2022-12-03,1.7000000000000002,91.7,33.1,242.8,15.75,31.850000000000023,23.80000000000001,23.80000000000001,2133.4500000000053,Spring wheat,2022,Pullman(SAT),22PULSATS
223,2022-12-04,0.0,92.7,29.3,271.5,14.450000000000044,32.450000000000045,23.450000000000045,23.450000000000045,2156.900000000005,Spring wheat,2022,Pullman(SAT),22PULSATS
224,2022-12-05,0.0,79.9,28.6,283.7,12.150000000000034,27.55000000000001,19.850000000000023,19.850000000000023,2176.750000000005,Spring wheat,2022,Pullman(SAT),22PULSATS
225,2022-12-06,0.0,81.5,20.9,283.40000000000003,9.650000000000034,29.65000000000004,19.65000000000004,19.65000000000004,2196.400000000005,Spring wheat,2022,Pullman(SAT),22PULSATS
226,2022-12-07,0.0,66.9,15.2,280.40000000000003,11.150000000000034,32.150000000000034,21.65000000000004,21.65000000000004,2218.050000000005,Spring wheat,2022,Pullman(SAT),22PULSATS
227,2022-12-08,0.0,59.7,13.5,278.40000000000003,13.25,34.05000000000001,23.65000000000001,23.65000000000001,2241.7000000000053,Spring wheat,2022,Pullman(SAT),22PULSATS
228,2022-12-09,0.0,61.0,12.6,275.7,14.450000000000044,36.75,25.600000000000023,25.600000000000023,2267.300000000005,Spring wheat,2022,Pullman(SAT),22PULSATS
229,2022-12-10,0.0,59.900000000000006,15.3,272.0,17.05000000000001,36.75,26.90000000000001,26.90000000000001,2294.2000000000053,Spring wheat,2022,Pullman(SAT),22PULSATS
230,2022-12-11,0.0,61.6,20.9,232.6,18.05000000000001,33.950000000000045,26.00000000000003,26.00000000000003,2320.2000000000053,Spring wheat,2022,Pullman(SAT),22PULSATS
231,2022-12-12,0.0,71.4,26.700000000000003,256.8,18.15000000000004,33.150000000000034,25.65000000000004,25.65000000000004,2345.8500000000054,Spring wheat,2022,Pullman(SAT),22PULSATS
232,2022-12-13,0.0,86.60000000000001,25.1,263.90000000000003,14.650000000000034,33.75,24.200000000000017,24.200000000000017,2370.050000000005,Spring wheat,2022,Pullman(SAT),22PULSATS
233,2022-12-14,1.0,77.9,28.6,227.8,13.650000000000034,28.75,21.200000000000017,21.200000000000017,2391.250000000005,Spring wheat,2022,Pullman(SAT),22PULSATS
234,2022-12-15,0.0,83.4,26.4,259.7,13.950000000000044,31.55000000000001,22.75000000000003,22.75000000000003,2414.000000000005,Spring wheat,2022,Pullman(SAT),22PULSATS
235,2022-12-16,0.0,74.5,27.3,245.6,16.55000000000001,31.850000000000023,24.200000000000017,24.200000000000017,2438.200000000005,Spring wheat,2022,Pullman(SAT),22PULSATS
236,2022-12-17,0.0,78.10000000000001,29.8,254.2,16.150000000000034,30.950000000000045,23.55000000000004,23.55000000000004,2461.750000000005,Spring wheat,2022,Pullman(SAT),22PULSATS
237,2022-12-18,0.0,74.2,26.1,254.1,15.650000000000034,31.450000000000045,23.55000000000004,23.55000000000004,2485.300000000005,Spring wheat,2022,Pullman(SAT),22PULSATS
238,2022-12-19,0.0,96.6,37.2,229.2,8.75,23.25,16.0,16.0,2501.300000000005,Spring wheat,2022,Pullman(SAT),22PULSATS
239,2022-12-20,0.0,71.4,26.6,251.6,9.550000000000011,23.75,16.650000000000006,16.650000000000006,2517.9500000000053,Spring wheat,2022,Pullman(SAT),22PULSATS
240,2022-12-21,0.0,56.6,16.0,253.5,13.350000000000025,30.850000000000023,22.100000000000023,22.100000000000023,2540.050000000005,Spring wheat,2022,Pullman(SAT),22PULSATS
241,2022-12-22,0.0,53.3,12.5,250.5,15.450000000000044,35.450000000000045,25.450000000000045,25.450000000000045,2565.500000000005,Spring wheat,2022,Pullman(SAT),22PULSATS
242,2022-12-23,0.0,47.3,9.7,249.8,17.150000000000034,38.25,27.700000000000017,27.700000000000017,2593.2000000000053,Spring wheat,2022,Pullman(SAT),22PULSATS
243,2022-12-24,0.0,58.2,15.9,241.2,16.650000000000034,33.85000000000002,25.25000000000003,25.25000000000003,2618.4500000000053,Spring wheat,2022,Pullman(SAT),22PULSATS
244,2022-12-25,0.0,52.900000000000006,10.1,245.3,15.75,36.55000000000001,26.15000000000001,26.15000000000001,2644.6000000000054,Spring wheat,2022,Pullman(SAT),22PULSATS
245,2022-12-26,0.3,62.1,22.3,185.6,13.550000000000011,27.15000000000004,20.350000000000023,20.350000000000023,2664.9500000000053,Spring wheat,2022,Pullman(SAT),22PULSATS
246,2022-12-27,0.0,74.10000000000001,21.5,237.2,12.950000000000044,30.25,21.600000000000023,21.600000000000023,2686.550000000005,Spring wheat,2022,Pullman(SAT),22PULSATS
247,2022-12-28,0.0,71.9,21.1,235.6,10.950000000000044,27.65000000000004,19.30000000000004,19.30000000000004,2705.8500000000054,Spring wheat,2022,Pullman(SAT),22PULSATS
248,2022-12-29,0.0,57.0,10.7,234.7,11.550000000000011,32.55000000000001,22.05000000000001,22.05000000000001,2727.900000000005,Spring wheat,2022,Pullman(SAT),22PULSATS
249,2022-12-30,0.0,56.900000000000006,13.3,198.2,11.950000000000044,30.350000000000023,21.15000000000004,21.15000000000004,2749.0500000000056,Spring wheat,2022,Pullman(SAT),22PULSATS
250,2022-12-31,0.0,59.7,13.4,236.6,6.150000000000034,24.65000000000004,15.400000000000034,15.400000000000034,2764.4500000000057,Spring wheat,2022,Pullman(SAT),22PULSATS
251,2023-01-01,0.0,58.0,11.8,231.9,6.050000000000011,25.450000000000045,15.750000000000028,15.750000000000028,2780.2000000000057,Spring wheat,2022,Pullman(SAT),22PULSATS
252,2023-01-02,0.0,57.1,11.5,230.3,8.150000000000034,27.850000000000023,18.00000000000003,18.00000000000003,2798.2000000000057,Spring wheat,2022,Pullman(SAT),22PULSATS
253,2023-01-03,0.0,45.1,11.8,207.6,12.950000000000044,28.450000000000045,20.700000000000045,20.700000000000045,2818.900000000006,Spring wheat,2022,Pullman(SAT),22PULSATS
254,2023-01-04,0.0,65.60000000000001,23.4,156.8,10.950000000000044,24.65000000000004,17.80000000000004,17.80000000000004,2836.700000000006,Spring wheat,2022,Pullman(SAT),22PULSATS
255,2023-01-05,0.6000000000000001,83.2,27.200000000000003,211.5,10.050000000000011,25.850000000000023,17.950000000000017,17.950000000000017,2854.650000000006,Spring wheat,2022,Pullman(SAT),22PULSATS
256,2023-01-06,0.4,96.8,38.7,200.4,9.450000000000044,22.850000000000023,16.150000000000034,16.150000000000034,2870.800000000006,Spring wheat,2022,Pullman(SAT),22PULSATS
257,2023-01-07,0.0,97.9,34.800000000000004,203.2,9.25,24.350000000000023,16.80000000000001,16.80000000000001,2887.6000000000063,Spring wheat,2022,Pullman(SAT),22PULSATS
258,2023-01-08,0.0,100.0,38.1,179.8,7.150000000000034,21.450000000000045,14.30000000000004,14.30000000000004,2901.9000000000065,Spring wheat,2022,Pullman(SAT),22PULSATS
259,2023-01-09,0.3,81.7,25.0,209.7,6.650000000000034,22.850000000000023,14.750000000000028,14.750000000000028,2916.6500000000065,Spring wheat,2022,Pullman(SAT),22PULSATS
260,2023-01-10,0.0,85.2,31.200000000000003,125.2,7.150000000000034,21.15000000000004,14.150000000000034,14.150000000000034,2930.8000000000065,Spring wheat,2022,Pullman(SAT),22PULSATS
261,2023-01-11,0.0,85.60000000000001,27.5,203.2,8.950000000000045,24.950000000000045,16.950000000000045,16.950000000000045,2947.7500000000064,Spring wheat,2022,Pullman(SAT),22PULSATS
262,2023-01-12,0.0,73.10000000000001,22.700000000000003,202.6,8.950000000000045,24.75,16.850000000000023,16.850000000000023,2964.6000000000063,Spring wheat,2022,Pullman(SAT),22PULSATS
263,2023-01-13,7.6,72.5,21.1,189.3,7.850000000000023,24.350000000000023,16.100000000000023,16.100000000000023,2980.700000000006,Spring wheat,2022,Pullman(SAT),22PULSATS
264,2023-01-14,2.1,76.5,40.0,135.20000000000002,9.850000000000025,18.75,14.300000000000011,14.300000000000011,2995.0000000000064,Spring wheat,2022,Pullman(SAT),22PULSATS
265,2023-01-15,0.0,81.10000000000001,34.800000000000004,192.3,9.050000000000011,20.850000000000023,14.950000000000015,14.950000000000015,3009.950000000006,Spring wheat,2022,Pullman(SAT),22PULSATS
266,2023-01-16,0.0,78.7,25.6,190.2,8.75,24.25,16.5,16.5,3026.450000000006,Spring wheat,2022,Pullman(SAT),22PULSATS
267,2023-01-17,0.0,81.0,21.200000000000003,190.8,8.450000000000045,26.950000000000045,17.700000000000045,17.700000000000045,3044.150000000006,Spring wheat,2022,Pullman(SAT),22PULSATS
268,2023-01-18,0.0,68.10000000000001,16.1,193.0,11.050000000000011,30.350000000000023,20.700000000000017,20.700000000000017,3064.850000000006,Spring wheat,2022,Pullman(SAT),22PULSATS
269,2023-01-19,0.0,63.3,12.6,188.1,10.950000000000044,31.950000000000045,21.450000000000045,21.450000000000045,3086.3000000000056,Spring wheat,2022,Pullman(SAT),22PULSATS
270,2023-01-20,9.4,59.2,17.3,182.9,10.950000000000044,26.75,18.850000000000023,18.850000000000023,3105.150000000005,Spring wheat,2022,Pullman(SAT),22PULSATS
271,2023-01-21,12.3,82.4,63.900000000000006,60.6,11.650000000000034,15.25,13.450000000000015,13.450000000000015,3118.6000000000054,Spring wheat,2022,Pullman(SAT),22PULSATS
272,2023-01-22,0.6000000000000001,100.0,51.5,93.7,8.350000000000023,20.75,14.550000000000011,14.550000000000011,3133.150000000005,Spring wheat,2022,Pullman(SAT),22PULSATS
273,2023-01-23,0.0,100.0,37.7,158.9,9.050000000000011,22.950000000000045,16.00000000000003,16.00000000000003,3149.150000000005,Spring wheat,2022,Pullman(SAT),22PULSATS
274,2023-01-24,0.0,95.0,31.9,170.5,9.150000000000034,24.350000000000023,16.75000000000003,16.75000000000003,3165.900000000005,Spring wheat,2022,Pullman(SAT),22PULSATS
275,2023-01-25,0.0,83.60000000000001,26.700000000000003,169.70000000000002,10.050000000000011,25.450000000000045,17.75000000000003,17.75000000000003,3183.650000000005,Spring wheat,2022,Pullman(SAT),22PULSATS
276,2023-01-26,0.0,75.10000000000001,22.5,169.20000000000002,10.950000000000044,26.75,18.850000000000023,18.850000000000023,3202.500000000005,Spring wheat,2022,Pullman(SAT),22PULSATS
277,2023-01-27,0.0,73.9,19.1,163.3,9.450000000000044,26.850000000000023,18.15000000000004,18.15000000000004,3220.650000000005,Spring wheat,2022,Pullman(SAT),22PULSATS
278,2023-01-28,0.0,83.0,22.0,165.0,8.550000000000011,26.15000000000004,17.350000000000023,17.350000000000023,3238.000000000005,Spring wheat,2022,Pullman(SAT),22PULSATS
279,2023-01-29,0.0,95.5,26.9,159.60000000000002,7.350000000000023,24.65000000000004,16.00000000000003,16.00000000000003,3254.000000000005,Spring wheat,2022,Pullman(SAT),22PULSATS
280,2023-01-30,0.0,85.7,25.3,159.3,8.050000000000011,24.350000000000023,16.200000000000017,16.200000000000017,3270.2000000000053,Spring wheat,2022,Pullman(SAT),22PULSATS
281,2023-01-31,0.0,85.7,24.5,158.3,6.9500000000000455,23.55000000000001,15.250000000000028,15.250000000000028,3285.4500000000053,Spring wheat,2022,Pullman(SAT),22PULSATS
282,2023-02-01,0.0,81.0,23.4,155.3,6.9500000000000455,23.15000000000004,15.05000000000004,15.05000000000004,3300.500000000005,Spring wheat,2022,Pullman(SAT),22PULSATS
283,2023-02-02,0.0,76.4,25.9,153.0,6.4500000000000455,20.350000000000023,13.400000000000034,13.400000000000034,3313.900000000005,Spring wheat,2022,Pullman(SAT),22PULSATS
284,2023-02-03,0.0,76.9,20.6,150.3,6.350000000000023,23.15000000000004,14.750000000000028,14.750000000000028,3328.650000000005,Spring wheat,2022,Pullman(SAT),22PULSATS
285,2023-02-04,0.0,92.9,21.3,151.4,3.850000000000023,23.15000000000004,13.500000000000028,13.500000000000028,3342.150000000005,Spring wheat,2022,Pullman(SAT),22PULSATS
286,2023-02-05,0.0,92.0,23.9,148.0,4.150000000000034,21.950000000000045,13.05000000000004,13.05000000000004,3355.2000000000057,Spring wheat,2022,Pullman(SAT),22PULSATS
287,2023-02-06,0.0,86.80000000000001,19.9,146.20000000000002,5.4500000000000455,24.65000000000004,15.05000000000004,15.05000000000004,3370.250000000006,Spring wheat,2022,Pullman(SAT),22PULSATS
288,2023-02-07,0.0,80.2,16.6,145.5,5.150000000000034,25.05000000000001,15.100000000000025,15.100000000000025,3385.350000000006,Spring wheat,2022,Pullman(SAT),22PULSATS
289,2023-02-08,0.0,78.60000000000001,15.7,143.6,4.75,24.850000000000023,14.800000000000011,14.800000000000011,3400.150000000006,Spring wheat,2022,Pullman(SAT),22PULSATS
290,2023-02-09,0.0,88.80000000000001,17.400000000000002,140.3,3.050000000000012,23.850000000000023,13.450000000000015,13.450000000000015,3413.600000000006,Spring wheat,2022,Pullman(SAT),22PULSATS
291,2023-02-10,0.0,85.9,20.8,138.1,4.25,22.55000000000001,13.400000000000006,13.400000000000006,3427.000000000006,Spring wheat,2022,Pullman(SAT),22PULSATS
292,2023-02-11,0.0,75.9,26.3,125.4,6.550000000000011,20.15000000000004,13.350000000000025,13.350000000000025,3440.350000000006,Spring wheat,2022,Pullman(SAT),22PULSATS
293,2023-02-12,10.2,100.0,63.2,71.5,2.25,10.75,6.5,6.5,3446.850000000006,Spring wheat,2022,Pullman(SAT),22PULSATS
294,2023-02-13,3.6,100.0,70.0,93.1,0.25,7.650000000000034,3.950000000000017,3.950000000000017,3450.8000000000056,Spring wheat,2022,Pullman(SAT),22PULSATS
295,2023-02-14,0.4,100.0,59.0,64.4,0.3500000000000227,7.650000000000034,4.000000000000028,4.000000000000028,3454.8000000000056,Spring wheat,2022,Pullman(SAT),22PULSATS
296,2023-02-15,5.1000000000000005,100.0,72.0,48.8,1.0500000000000114,7.25,4.150000000000006,4.150000000000006,3458.9500000000057,Spring wheat,2022,Pullman(SAT),22PULSATS
297,2023-02-16,2.1,100.0,53.0,112.3,0.8500000000000227,10.350000000000025,5.600000000000023,5.600000000000023,3464.5500000000056,Spring wheat,2022,Pullman(SAT),22PULSATS
298,2023-02-17,0.0,100.0,59.7,61.0,0.5500000000000114,8.150000000000034,4.350000000000023,4.350000000000023,3468.900000000005,Spring wheat,2022,Pullman(SAT),22PULSATS
299,2023-02-18,0.0,94.3,41.6,122.3,0.25,11.050000000000011,5.650000000000006,5.650000000000006,3474.5500000000056,Spring wheat,2022,Pullman(SAT),22PULSATS
300,2023-02-19,0.0,77.9,35.300000000000004,88.10000000000001,2.550000000000012,12.550000000000011,7.550000000000011,7.550000000000011,3482.100000000006,Spring wheat,2022,Pullman(SAT),22PULSATS
301,2023-02-20,0.0,92.0,48.2,105.4,5.050000000000011,13.850000000000025,9.450000000000015,9.450000000000015,3491.5500000000056,Spring wheat,2022,Pullman(SAT),22PULSATS
302,2023-02-21,1.2000000000000002,93.1,48.900000000000006,60.8,5.050000000000011,13.850000000000025,9.450000000000015,9.450000000000015,3501.000000000005,Spring wheat,2022,Pullman(SAT),22PULSATS
303,2023-02-22,11.8,100.0,74.10000000000001,39.5,4.050000000000011,11.150000000000034,7.600000000000023,7.600000000000023,3508.6000000000054,Spring wheat,2022,Pullman(SAT),22PULSATS
304,2023-02-23,16.2,100.0,100.0,50.7,-0.4499999999999886,6.150000000000034,2.8500000000000227,2.8500000000000227,3511.4500000000053,Spring wheat,2022,Pullman(SAT),22PULSATS
305,2023-02-24,0.8,90.0,58.3,73.2,-0.3499999999999659,5.75,2.700000000000017,2.700000000000017,3514.150000000005,Spring wheat,2022,Pullman(SAT),22PULSATS
306,2023-02-25,9.9,82.60000000000001,59.900000000000006,71.0,-0.3499999999999659,4.150000000000034,1.900000000000034,1.900000000000034,3516.050000000005,Spring wheat,2022,Pullman(SAT),22PULSATS
307,2023-02-26,31.700000000000003,100.0,61.400000000000006,35.2,1.25,11.75,6.5,6.5,3522.550000000005,Spring wheat,2022,Pullman(SAT),22PULSATS
308,2023-02-27,6.5,95.7,58.900000000000006,77.30000000000001,0.3500000000000227,7.25,3.8000000000000114,3.8000000000000114,3526.3500000000054,Spring wheat,2022,Pullman(SAT),22PULSATS
309,2023-02-28,4.6000000000000005,84.9,45.400000000000006,89.2,-0.3499999999999659,8.050000000000011,3.850000000000023,3.850000000000023,3530.2000000000053,Spring wheat,2022,Pullman(SAT),22PULSATS
310,2023-03-01,0.8,91.8,54.2,84.60000000000001,-0.8499999999999659,6.4500000000000455,2.80000000000004,2.80000000000004,3533.000000000005,Spring wheat,2022,Pullman(SAT),22PULSATS
311,2023-03-02,0.0,77.80000000000001,36.0,101.5,-3.4499999999999886,6.350000000000023,1.450000000000017,1.450000000000017,3534.4500000000053,Spring wheat,2022,Pullman(SAT),22PULSATS
312,2023-03-03,0.0,77.0,46.400000000000006,100.4,-4.849999999999966,1.650000000000034,-1.599999999999966,0.0,3534.4500000000053,Spring wheat,2022,Pullman(SAT),22PULSATS
313,2023-03-04,0.0,82.4,50.8,98.3,-4.349999999999966,2.050000000000012,-1.1499999999999773,0.0,3534.4500000000053,Spring wheat,2022,Pullman(SAT),22PULSATS
314,2023-03-05,0.0,79.30000000000001,49.1,96.3,-3.349999999999966,2.950000000000045,-0.1999999999999602,0.0,3534.4500000000053,Spring wheat,2022,Pullman(SAT),22PULSATS
315,2023-03-06,0.0,78.5,46.2,83.9,-2.9499999999999886,3.9500000000000455,0.5000000000000284,0.5000000000000284,3534.9500000000053,Spring wheat,2022,Pullman(SAT),22PULSATS
316,2023-03-07,0.0,79.30000000000001,52.0,54.900000000000006,-2.75,2.8500000000000227,0.0500000000000113,0.0500000000000113,3535.000000000005,Spring wheat,2022,Pullman(SAT),22PULSATS
317,2023-03-08,0.0,95.8,54.6,91.0,-5.949999999999989,1.650000000000034,-2.1499999999999773,0.0,3535.000000000005,Spring wheat,2022,Pullman(SAT),22PULSATS
318,2023-03-09,0.0,100.0,49.3,90.2,-6.949999999999989,2.75,-2.0999999999999943,0.0,3535.000000000005,Spring wheat,2022,Pullman(SAT),22PULSATS
319,2023-03-10,0.0,95.0,70.8,87.9,-5.449999999999989,-1.1499999999999773,-3.299999999999983,0.0,3535.000000000005,Spring wheat,2022,Pullman(SAT),22PULSATS
320,2023-03-11,0.0,100.0,42.3,83.0,-8.649999999999977,2.650000000000034,-2.999999999999972,0.0,3535.000000000005,Spring wheat,2022,Pullman(SAT),22PULSATS
321,2023-03-12,0.0,73.0,29.700000000000003,87.9,-9.049999999999956,1.650000000000034,-3.69999999999996,0.0,3535.000000000005,Spring wheat,2022,Pullman(SAT),22PULSATS
322,2023-03-13,0.0,73.10000000000001,30.700000000000003,86.2,-8.349999999999966,2.050000000000012,-3.1499999999999773,0.0,3535.000000000005,Spring wheat,2022,Pullman(SAT),22PULSATS
323,2023-03-14,0.0,66.0,33.9,84.10000000000001,-6.649999999999977,1.25,-2.6999999999999886,0.0,3535.000000000005,Spring wheat,2022,Pullman(SAT),22PULSATS
324,2023-03-15,0.0,59.900000000000006,33.2,50.2,-2.75,4.150000000000034,0.700000000000017,0.700000000000017,3535.7000000000053,Spring wheat,2022,Pullman(SAT),22PULSATS
325,2023-03-16,8.9,82.2,42.6,64.9,-2.349999999999966,6.25,1.950000000000017,1.950000000000017,3537.650000000005,Spring wheat,2022,Pullman(SAT),22PULSATS
326,2023-03-17,0.0,100.0,63.1,78.9,-0.75,6.050000000000011,2.6500000000000057,2.6500000000000057,3540.300000000005,Spring wheat,2022,Pullman(SAT),22PULSATS
327,2023-03-18,0.0,85.2,45.7,77.5,-0.25,8.150000000000034,3.950000000000017,3.950000000000017,3544.250000000005,Spring wheat,2022,Pullman(SAT),22PULSATS
328,2023-03-19,4.2,86.5,39.3,76.80000000000001,-1.75,8.650000000000034,3.450000000000017,3.450000000000017,3547.700000000005,Spring wheat,2022,Pullman(SAT),22PULSATS
329,2023-03-20,0.0,100.0,56.3,76.4,-2.1499999999999773,6.150000000000034,2.0000000000000284,2.0000000000000284,3549.700000000005,Spring wheat,2022,Pullman(SAT),22PULSATS
330,2023-03-21,1.0,100.0,54.900000000000006,48.8,-4.149999999999977,5.25,0.5500000000000114,0.5500000000000114,3550.250000000005,Spring wheat,2022,Pullman(SAT),22PULSATS
331,2023-03-22,3.7,100.0,72.8,58.5,-12.949999999999989,-0.25,-6.599999999999994,0.0,3550.250000000005,Spring wheat,2022,Pullman(SAT),22PULSATS
332,2023-03-23,4.2,100.0,54.900000000000006,39.0,-11.849999999999966,-0.8499999999999659,-6.349999999999966,0.0,3550.250000000005,Spring wheat,2022,Pullman(SAT),22PULSATS
333,2023-03-24,13.2,95.1,73.60000000000001,30.5,-1.6499999999999773,2.25,0.3000000000000113,0.3000000000000113,3550.550000000005,Spring wheat,2022,Pullman(SAT),22PULSATS
334,2023-03-25,0.8,100.0,83.2,49.0,-5.5499999999999545,0.75,-2.3999999999999773,0.0,3550.550000000005,Spring wheat,2022,Pullman(SAT),22PULSATS
335,2023-03-26,0.0,89.10000000000001,58.8,53.5,-6.649999999999977,-0.25,-3.4499999999999886,0.0,3550.550000000005,Spring wheat,2022,Pullman(SAT),22PULSATS
336,2023-03-27,0.3,76.9,44.5,69.10000000000001,-8.25,-0.4499999999999886,-4.349999999999994,0.0,3550.550000000005,Spring wheat,2022,Pullman(SAT),22PULSATS
337,2023-03-28,3.8,100.0,73.10000000000001,51.900000000000006,-7.849999999999966,-2.6499999999999773,-5.249999999999972,0.0,3550.550000000005,Spring wheat,2022,Pullman(SAT),22PULSATS
338,2023-03-29,1.2000000000000002,100.0,96.0,24.8,-6.149999999999977,-2.9499999999999886,-4.549999999999983,0.0,3550.550000000005,Spring wheat,2022,Pullman(SAT),22PULSATS
339,2023-03-30,0.0,92.0,68.60000000000001,63.5,-4.75,0.1500000000000341,-2.299999999999983,0.0,3550.550000000005,Spring wheat,2022,Pullman(SAT),22PULSATS
340,2023-03-31,0.0,100.0,69.4,67.60000000000001,-9.149999999999975,0.0500000000000113,-4.549999999999983,0.0,3550.550000000005,Spring wheat,2022,Pullman(SAT),22PULSATS
341,2023-04-01,3.8,100.0,65.0,48.7,-5.949999999999989,1.0500000000000114,-2.4499999999999886,0.0,3550.550000000005,Spring wheat,2022,Pullman(SAT),22PULSATS
342,2023-04-02,3.8,100.0,72.7,32.4,-4.149999999999977,2.050000000000012,-1.049999999999983,0.0,3550.550000000005,Spring wheat,2022,Pullman(SAT),22PULSATS
343,2023-04-03,2.4000000000000004,97.0,73.7,40.5,-1.25,3.550000000000012,1.1500000000000057,1.1500000000000057,3551.7000000000053,Spring wheat,2022,Pullman(SAT),22PULSATS
344,2023-04-04,0.7000000000000001,100.0,81.0,38.900000000000006,-1.75,3.550000000000012,0.9000000000000057,0.9000000000000057,3552.6000000000054,Spring wheat,2022,Pullman(SAT),22PULSATS
345,2023-04-05,0.0,100.0,100.0,36.8,-3.75,0.5500000000000114,-1.5999999999999943,0.0,3552.6000000000054,Spring wheat,2022,Pullman(SAT),22PULSATS
346,2023-04-06,2.3000000000000003,100.0,96.1,39.7,-3.25,-0.3499999999999659,-1.799999999999983,0.0,3552.6000000000054,Spring wheat,2022,Pullman(SAT),22PULSATS
347,2023-04-07,1.4,100.0,92.0,32.9,-3.649999999999977,-0.8499999999999659,-2.249999999999972,0.0,3552.6000000000054,Spring wheat,2022,Pullman(SAT),22PULSATS
348,2023-04-08,0.0,100.0,85.10000000000001,54.6,-8.75,-2.349999999999966,-5.549999999999983,0.0,3552.6000000000054,Spring wheat,2022,Pullman(SAT),22PULSATS
349,2023-04-09,0.0,100.0,74.60000000000001,61.5,-9.649999999999975,-2.849999999999966,-6.249999999999972,0.0,3552.6000000000054,Spring wheat,2022,Pullman(SAT),22PULSATS
350,2023-04-10,0.0,91.1,68.0,66.0,-8.25,-3.4499999999999886,-5.849999999999994,0.0,3552.6000000000054,Spring wheat,2022,Pullman(SAT),22PULSATS
351,2023-04-11,3.6,94.2,64.8,58.6,-6.849999999999966,-0.9499999999999886,-3.899999999999977,0.0,3552.6000000000054,Spring wheat,2022,Pullman(SAT),22PULSATS
352,2023-04-12,7.800000000000001,100.0,100.0,37.3,-8.949999999999989,-4.5499999999999545,-6.749999999999972,0.0,3552.6000000000054,Spring wheat,2022,Pullman(SAT),22PULSATS
353,2023-04-13,2.9000000000000004,100.0,93.1,24.0,-11.949999999999989,-0.8499999999999659,-6.399999999999977,0.0,3552.6000000000054,Spring wheat,2022,Pullman(SAT),22PULSATS
354,2023-04-14,0.0,100.0,88.30000000000001,54.1,-22.84999999999997,-10.649999999999975,-16.74999999999997,0.0,3552.6000000000054,Spring wheat,2022,Pullman(SAT),22PULSATS
355,2023-04-15,2.6,68.2,33.7,59.400000000000006,-20.84999999999997,-12.049999999999956,-16.44999999999996,0.0,3552.6000000000054,Spring wheat,2022,Pullman(SAT),22PULSATS
356,2023-04-16,9.2,100.0,65.5,22.8,-14.449999999999989,-6.849999999999966,-10.649999999999975,0.0,3552.6000000000054,Spring wheat,2022,Pullman(SAT),22PULSATS
357,2023-04-17,3.6,100.0,67.0,35.2,-7.149999999999977,2.450000000000045,-2.349999999999966,0.0,3552.6000000000054,Spring wheat,2022,Pullman(SAT),22PULSATS
358,2023-04-18,3.4000000000000004,94.9,70.5,37.3,0.1500000000000341,5.25,2.700000000000017,2.700000000000017,3555.300000000005,Spring wheat,2022,Pullman(SAT),22PULSATS
359,2023-04-19,17.5,100.0,67.2,32.9,0.75,7.650000000000034,4.200000000000017,4.200000000000017,3559.500000000005,Spring wheat,2022,Pullman(SAT),22PULSATS
360,2023-04-20,15.5,100.0,66.0,50.1,1.0500000000000114,8.950000000000045,5.000000000000028,5.000000000000028,3564.500000000005,Spring wheat,2022,Pullman(SAT),22PULSATS
361,2023-04-21,0.0,92.2,74.2,55.3,-0.25,3.75,1.75,1.75,3566.250000000005,Spring wheat,2022,Pullman(SAT),22PULSATS
362,2023-04-22,6.6000000000000005,87.80000000000001,62.0,60.1,-0.3499999999999659,5.350000000000023,2.5000000000000284,2.5000000000000284,3568.750000000005,Spring wheat,2022,Pullman(SAT),22PULSATS
363,2023-04-23,3.1,94.4,69.2,61.2,0.6500000000000341,5.9500000000000455,3.30000000000004,3.30000000000004,3572.050000000005,Spring wheat,2022,Pullman(SAT),22PULSATS
364,2023-04-24,0.0,100.0,71.7,51.400000000000006,-0.1499999999999772,6.350000000000023,3.1000000000000227,3.1000000000000227,3575.150000000005,Spring wheat,2022,Pullman(SAT),22PULSATS
