Unnamed: 0,date,precipitation,rmax,rmin,relative_humidity,solar_radiation,tmin,tmax,air_temp,gdd,cgdd,plant,year,location,Env_Abbr
0,2022-01-01,0.0,100.0,64.0,82.0,49.3,-20.150000000000000,-8.149999999999980,-14.150000000000000,0.0,0.0,Winter wheat,2022,Pullman(SAT),22PULSATW
1,2022-01-02,0.0,100.0,68.8,84.4,57.8,-8.949999999999990,-2.349999999999970,-5.649999999999980,0.0,0.0,Winter wheat,2022,Pullman(SAT),22PULSATW
2,2022-01-03,3.2,100.0,76.4,88.2,41.400000000000000,-4.149999999999980,1.650000000000030,-1.2499999999999700,0.0,0.0,Winter wheat,2022,Pullman(SAT),22PULSATW
3,2022-01-04,5.7,100.0,85.0,92.5,42.1,-7.25,-1.0499999999999500,-4.149999999999980,0.0,0.0,Winter wheat,2022,Pullman(SAT),22PULSATW
4,2022-01-05,15.5,100.0,87.10000000000000,93.55,54.5,-5.25,-1.4499999999999900,-3.3499999999999900,0.0,0.0,Winter wheat,2022,Pullman(SAT),22PULSATW
5,2022-01-06,20.3,100.0,70.3,85.2,33.0,-3.75,2.3500000000000200,-0.6999999999999890,0.0,0.0,Winter wheat,2022,Pullman(SAT),22PULSATW
6,2022-01-07,4.1000000000000000,100.0,76.3,88.2,43.3,-2.0499999999999500,3.850000000000020,0.9000000000000340,0.9000000000000340,0.9000000000000340,Winter wheat,2022,Pullman(SAT),22PULSATW
7,2022-01-08,0.0,100.0,66.8,83.4,40.2,-5.949999999999990,1.25,-2.3499999999999900,0.0,0.9000000000000340,Winter wheat,2022,Pullman(SAT),22PULSATW
8,2022-01-09,0.0,94.4,54.900000000000000,74.65,68.9,-7.0499999999999500,1.25,-2.8999999999999800,0.0,0.9000000000000340,Winter wheat,2022,Pullman(SAT),22PULSATW
9,2022-01-10,0.0,79.60000000000000,53.2,66.4,67.7,-5.25,1.150000000000030,-2.049999999999980,0.0,0.9000000000000340,Winter wheat,2022,Pullman(SAT),22PULSATW
10,2022-01-11,1.4,89.0,66.3,77.7,28.5,-1.25,3.9500000000000500,1.3500000000000200,1.3500000000000200,2.250000000000060,Winter wheat,2022,Pullman(SAT),22PULSATW
11,2022-01-12,0.6000000000000000,85.0,68.7,76.9,37.6,0.9500000000000460,5.050000000000010,3.0000000000000300,3.0000000000000300,5.250000000000090,Winter wheat,2022,Pullman(SAT),22PULSATW
12,2022-01-13,0.0,80.30000000000000,57.3,68.8,40.1,-0.6499999999999770,5.050000000000010,2.200000000000020,2.200000000000020,7.450000000000100,Winter wheat,2022,Pullman(SAT),22PULSATW
13,2022-01-14,0.0,80.9,57.8,69.4,64.2,-0.5499999999999550,5.150000000000030,2.30000000000004,2.30000000000004,9.750000000000140,Winter wheat,2022,Pullman(SAT),22PULSATW
14,2022-01-15,0.0,79.10000000000000,58.8,68.95,56.0,-1.5499999999999500,3.550000000000010,1.0000000000000300,1.0000000000000300,10.75000000000020,Winter wheat,2022,Pullman(SAT),22PULSATW
15,2022-01-16,0.0,78.60000000000000,59.3,68.95,60.7,-1.5499999999999500,3.3500000000000200,0.9000000000000340,0.9000000000000340,11.650000000000200,Winter wheat,2022,Pullman(SAT),22PULSATW
16,2022-01-17,0.0,82.2,58.2,70.2,59.6,-1.349999999999970,4.4500000000000500,1.5500000000000400,1.5500000000000400,13.200000000000200,Winter wheat,2022,Pullman(SAT),22PULSATW
17,2022-01-18,0.5,82.80000000000000,71.8,77.3,28.5,0.3500000000000230,3.450000000000050,1.900000000000030,1.900000000000030,15.10000000000030,Winter wheat,2022,Pullman(SAT),22PULSATW
18,2022-01-19,10.5,85.0,65.7,75.4,35.5,0.75,5.4500000000000500,3.1000000000000200,3.1000000000000200,18.2000000000003,Winter wheat,2022,Pullman(SAT),22PULSATW
19,2022-01-20,7.1000000000000000,98.3,61.5,79.9,37.1,-0.5499999999999550,7.150000000000030,3.30000000000004,3.30000000000004,21.50000000000030,Winter wheat,2022,Pullman(SAT),22PULSATW
20,2022-01-21,0.0,90.4,60.7,75.6,64.2,-1.75,4.850000000000020,1.5500000000000100,1.5500000000000100,23.050000000000400,Winter wheat,2022,Pullman(SAT),22PULSATW
21,2022-01-22,0.0,88.60000000000000,52.900000000000000,70.75,75.7,-3.0499999999999500,5.050000000000010,1.0000000000000300,1.0000000000000300,24.05000000000040,Winter wheat,2022,Pullman(SAT),22PULSATW
22,2022-01-23,0.0,73.60000000000000,49.6,61.6,80.80000000000000,-2.349999999999970,3.9500000000000500,0.8000000000000400,0.8000000000000400,24.85000000000040,Winter wheat,2022,Pullman(SAT),22PULSATW
23,2022-01-24,0.0,89.5,74.3,81.9,46.8,-4.649999999999980,-0.9499999999999890,-2.799999999999980,0.0,24.85000000000040,Winter wheat,2022,Pullman(SAT),22PULSATW
24,2022-01-25,0.0,80.5,57.900000000000000,69.2,81.2,-3.849999999999970,1.650000000000030,-1.099999999999970,0.0,24.85000000000040,Winter wheat,2022,Pullman(SAT),22PULSATW
25,2022-01-26,0.0,87.9,74.60000000000000,81.25,83.60000000000000,-4.849999999999970,-1.4499999999999900,-3.1499999999999800,0.0,24.85000000000040,Winter wheat,2022,Pullman(SAT),22PULSATW
26,2022-01-27,0.0,87.10000000000000,59.900000000000000,73.5,85.60000000000000,-5.75,0.3500000000000230,-2.6999999999999900,0.0,24.85000000000040,Winter wheat,2022,Pullman(SAT),22PULSATW
27,2022-01-28,0.0,90.9,47.3,69.1,87.0,-7.149999999999980,2.550000000000010,-2.299999999999980,0.0,24.85000000000040,Winter wheat,2022,Pullman(SAT),22PULSATW
28,2022-01-29,0.0,90.7,48.7,69.7,87.80000000000000,-6.949999999999990,2.3500000000000200,-2.299999999999980,0.0,24.85000000000040,Winter wheat,2022,Pullman(SAT),22PULSATW
29,2022-01-30,3.3000000000000000,91.7,51.400000000000000,71.55,55.0,-4.75,4.150000000000030,-0.2999999999999830,0.0,24.85000000000040,Winter wheat,2022,Pullman(SAT),22PULSATW
30,2022-01-31,0.5,100.0,66.8,83.4,43.400000000000000,-5.75,2.650000000000030,-1.549999999999980,0.0,24.85000000000040,Winter wheat,2022,Pullman(SAT),22PULSATW
31,2022-02-01,0.6000000000000000,100.0,70.5,85.3,72.5,-12.850000000000000,0.25,-6.299999999999980,0.0,24.85000000000040,Winter wheat,2022,Pullman(SAT),22PULSATW
32,2022-02-02,1.4,100.0,75.2,87.6,91.8,-12.75,-3.849999999999970,-8.299999999999980,0.0,24.85000000000040,Winter wheat,2022,Pullman(SAT),22PULSATW
33,2022-02-03,0.0,96.3,68.2,82.3,68.2,-4.649999999999980,0.9500000000000460,-1.849999999999970,0.0,24.85000000000040,Winter wheat,2022,Pullman(SAT),22PULSATW
34,2022-02-04,0.0,79.2,60.0,69.6,74.3,-1.1499999999999800,3.450000000000050,1.150000000000030,1.150000000000030,26.00000000000050,Winter wheat,2022,Pullman(SAT),22PULSATW
35,2022-02-05,0.0,90.8,53.3,72.1,98.9,-1.6499999999999800,6.4500000000000500,2.400000000000030,2.400000000000030,28.40000000000050,Winter wheat,2022,Pullman(SAT),22PULSATW
36,2022-02-06,0.0,76.5,43.8,60.2,95.7,-0.75,7.450000000000050,3.3500000000000200,3.3500000000000200,31.75000000000050,Winter wheat,2022,Pullman(SAT),22PULSATW
37,2022-02-07,0.0,72.7,31.200000000000000,51.95,105.5,-1.349999999999970,10.450000000000000,4.55000000000004,4.55000000000004,36.30000000000060,Winter wheat,2022,Pullman(SAT),22PULSATW
38,2022-02-08,0.0,76.10000000000000,43.2,59.65,95.1,-0.8499999999999660,7.450000000000050,3.30000000000004,3.30000000000004,39.60000000000060,Winter wheat,2022,Pullman(SAT),22PULSATW
39,2022-02-09,0.0,69.0,34.300000000000000,51.65,92.8,1.5500000000000100,11.550000000000000,6.550000000000010,6.550000000000010,46.1500000000006,Winter wheat,2022,Pullman(SAT),22PULSATW
40,2022-02-10,0.0,98.4,32.4,65.4,112.4,-2.1499999999999800,13.650000000000000,5.750000000000030,5.750000000000030,51.90000000000060,Winter wheat,2022,Pullman(SAT),22PULSATW
41,2022-02-11,0.0,85.4,33.300000000000000,59.35,117.3,-3.1499999999999800,10.050000000000000,3.450000000000020,3.450000000000020,55.35000000000070,Winter wheat,2022,Pullman(SAT),22PULSATW
42,2022-02-12,0.0,72.5,31.4,52.0,118.7,-2.25,9.350000000000030,3.550000000000010,3.550000000000010,58.90000000000070,Winter wheat,2022,Pullman(SAT),22PULSATW
43,2022-02-13,0.0,69.2,33.1,51.2,120.5,-1.5499999999999500,8.75,3.6000000000000200,3.6000000000000200,62.50000000000070,Winter wheat,2022,Pullman(SAT),22PULSATW
44,2022-02-14,0.7000000000000000,80.5,54.7,67.6,41.5,0.25,6.350000000000020,3.300000000000010,3.300000000000010,65.8000000000007,Winter wheat,2022,Pullman(SAT),22PULSATW
45,2022-02-15,0.0,85.10000000000000,60.2,72.65,110.0,0.0500000000000113,5.650000000000030,2.8500000000000200,2.8500000000000200,68.65000000000070,Winter wheat,2022,Pullman(SAT),22PULSATW
46,2022-02-16,0.0,98.7,51.0,74.9,120.1,-2.9499999999999900,6.850000000000020,1.950000000000020,1.950000000000020,70.60000000000070,Winter wheat,2022,Pullman(SAT),22PULSATW
47,2022-02-17,0.0,88.2,45.2,66.7,67.3,-2.0499999999999500,7.75,2.8500000000000200,2.8500000000000200,73.45000000000080,Winter wheat,2022,Pullman(SAT),22PULSATW
48,2022-02-18,0.0,83.9,41.900000000000000,62.9,126.8,-0.25,9.950000000000040,4.850000000000020,4.850000000000020,78.30000000000080,Winter wheat,2022,Pullman(SAT),22PULSATW
49,2022-02-19,0.5,74.2,44.7,59.5,112.0,1.650000000000030,9.25,5.450000000000020,5.450000000000020,83.7500000000008,Winter wheat,2022,Pullman(SAT),22PULSATW
50,2022-02-20,1.6,94.2,61.6,77.9,110.9,-2.0499999999999500,4.650000000000030,1.3000000000000400,1.3000000000000400,85.05000000000080,Winter wheat,2022,Pullman(SAT),22PULSATW
51,2022-02-21,0.0,100.0,65.9,83.0,96.4,-10.850000000000000,0.5500000000000110,-5.149999999999980,0.0,85.05000000000080,Winter wheat,2022,Pullman(SAT),22PULSATW
52,2022-02-22,0.0,93.1,52.400000000000000,72.75,68.2,-14.050000000000000,-6.0499999999999500,-10.050000000000000,0.0,85.05000000000080,Winter wheat,2022,Pullman(SAT),22PULSATW
53,2022-02-23,0.6000000000000000,77.5,42.2,59.9,145.70000000000000,-14.850000000000000,-6.75,-10.800000000000000,0.0,85.05000000000080,Winter wheat,2022,Pullman(SAT),22PULSATW
54,2022-02-24,0.0,88.0,53.2,70.6,69.4,-11.75,-4.5499999999999500,-8.149999999999980,0.0,85.05000000000080,Winter wheat,2022,Pullman(SAT),22PULSATW
55,2022-02-25,0.0,100.0,48.8,74.4,148.0,-12.25,-1.849999999999970,-7.049999999999980,0.0,85.05000000000080,Winter wheat,2022,Pullman(SAT),22PULSATW
56,2022-02-26,0.3,84.0,38.1,61.1,150.9,-7.149999999999980,3.75,-1.6999999999999900,0.0,85.05000000000080,Winter wheat,2022,Pullman(SAT),22PULSATW
57,2022-02-27,2.8000000000000000,89.30000000000000,60.400000000000000,74.85,74.10000000000000,-1.6499999999999800,4.550000000000010,1.450000000000020,1.450000000000020,86.50000000000090,Winter wheat,2022,Pullman(SAT),22PULSATW
58,2022-02-28,9.6,85.30000000000000,61.3,73.3,53.400000000000000,3.3500000000000200,8.850000000000020,6.100000000000020,6.100000000000020,92.60000000000090,Winter wheat,2022,Pullman(SAT),22PULSATW
59,2022-03-01,5.4,77.0,44.400000000000000,60.7,95.6,5.850000000000020,13.950000000000000,9.900000000000030,9.900000000000030,102.50000000000100,Winter wheat,2022,Pullman(SAT),22PULSATW
60,2022-03-02,14.6,79.80000000000000,58.7,69.25,64.10000000000000,5.4500000000000500,10.25,7.850000000000020,7.850000000000020,110.35000000000100,Winter wheat,2022,Pullman(SAT),22PULSATW
61,2022-03-03,7.300000000000000,100.0,79.5,89.8,71.4,-0.8499999999999660,6.350000000000020,2.7500000000000300,2.7500000000000300,113.10000000000100,Winter wheat,2022,Pullman(SAT),22PULSATW
62,2022-03-04,1.1,98.2,58.2,78.2,162.20000000000000,-1.849999999999970,5.9500000000000500,2.05000000000004,2.05000000000004,115.150000000001,Winter wheat,2022,Pullman(SAT),22PULSATW
63,2022-03-05,0.0,88.7,46.3,67.5,138.0,-1.9499999999999900,7.350000000000020,2.700000000000020,2.700000000000020,117.85000000000100,Winter wheat,2022,Pullman(SAT),22PULSATW
64,2022-03-06,0.0,78.0,39.7,58.9,158.60000000000000,-1.75,7.650000000000030,2.950000000000020,2.950000000000020,120.80000000000100,Winter wheat,2022,Pullman(SAT),22PULSATW
65,2022-03-07,0.0,74.0,32.4,53.2,174.9,-0.3499999999999660,10.950000000000000,5.30000000000004,5.30000000000004,126.10000000000100,Winter wheat,2022,Pullman(SAT),22PULSATW
66,2022-03-08,0.0,92.1,45.7,68.9,120.2,-3.849999999999970,6.050000000000010,1.1000000000000200,1.1000000000000200,127.2000000000010,Winter wheat,2022,Pullman(SAT),22PULSATW
67,2022-03-09,0.0,76.3,36.4,56.4,192.4,-8.449999999999990,1.25,-3.5999999999999900,0.0,127.2000000000010,Winter wheat,2022,Pullman(SAT),22PULSATW
68,2022-03-10,0.0,61.3,25.5,43.4,99.6,-7.25,3.650000000000030,-1.799999999999980,0.0,127.2000000000010,Winter wheat,2022,Pullman(SAT),22PULSATW
69,2022-03-11,0.0,66.5,38.1,52.3,95.4,-1.75,5.75,2.0,2.0,129.2000000000010,Winter wheat,2022,Pullman(SAT),22PULSATW
70,2022-03-12,7.4,69.7,26.700000000000000,48.2,140.5,2.25,15.350000000000000,8.800000000000010,8.800000000000010,138.0000000000010,Winter wheat,2022,Pullman(SAT),22PULSATW
71,2022-03-13,0.0,82.80000000000000,52.8,67.8,124.7,1.75,8.450000000000050,5.100000000000020,5.100000000000020,143.10000000000100,Winter wheat,2022,Pullman(SAT),22PULSATW
72,2022-03-14,7.2,77.0,48.6,62.8,82.2,4.150000000000030,10.950000000000000,7.55000000000004,7.55000000000004,150.65000000000100,Winter wheat,2022,Pullman(SAT),22PULSATW
73,2022-03-15,3.9,85.30000000000000,49.5,67.4,143.9,3.3500000000000200,11.450000000000000,7.400000000000030,7.400000000000030,158.0500000000010,Winter wheat,2022,Pullman(SAT),22PULSATW
74,2022-03-16,0.0,91.1,47.400000000000000,69.25,135.9,-0.0499999999999545,9.450000000000040,4.7000000000000500,4.7000000000000500,162.75000000000100,Winter wheat,2022,Pullman(SAT),22PULSATW
75,2022-03-17,0.9,85.2,35.9,60.6,192.4,0.25,12.450000000000000,6.350000000000020,6.350000000000020,169.10000000000100,Winter wheat,2022,Pullman(SAT),22PULSATW
76,2022-03-18,0.8,95.1,52.2,73.7,173.20000000000000,2.3500000000000200,11.350000000000000,6.850000000000020,6.850000000000020,175.9500000000010,Winter wheat,2022,Pullman(SAT),22PULSATW
77,2022-03-19,2.8000000000000000,100.0,52.400000000000000,76.2,151.3,-0.4499999999999890,10.350000000000000,4.950000000000020,4.950000000000020,180.9000000000010,Winter wheat,2022,Pullman(SAT),22PULSATW
78,2022-03-20,1.4,78.10000000000000,44.0,61.05,187.6,-0.8499999999999660,7.25,3.200000000000020,3.200000000000020,184.10000000000100,Winter wheat,2022,Pullman(SAT),22PULSATW
79,2022-03-21,1.8,81.60000000000000,55.0,68.3,60.0,0.9500000000000460,6.850000000000020,3.900000000000030,3.900000000000030,188.00000000000100,Winter wheat,2022,Pullman(SAT),22PULSATW
80,2022-03-22,0.0,81.30000000000000,47.3,64.3,158.3,4.350000000000020,12.350000000000000,8.350000000000020,8.350000000000020,196.3500000000010,Winter wheat,2022,Pullman(SAT),22PULSATW
81,2022-03-23,0.0,100.0,44.0,72.0,190.2,4.25,17.75,11.0,11.0,207.3500000000010,Winter wheat,2022,Pullman(SAT),22PULSATW
82,2022-03-24,0.0,99.5,47.7,73.6,209.6,1.5500000000000100,12.450000000000000,7.000000000000030,7.000000000000030,214.35000000000100,Winter wheat,2022,Pullman(SAT),22PULSATW
83,2022-03-25,0.0,90.5,42.8,66.7,178.60000000000000,2.75,13.75,8.25,8.25,222.60000000000100,Winter wheat,2022,Pullman(SAT),22PULSATW
84,2022-03-26,0.0,93.1,39.900000000000000,66.5,195.5,3.850000000000020,16.350000000000000,10.100000000000000,10.100000000000000,232.70000000000100,Winter wheat,2022,Pullman(SAT),22PULSATW
85,2022-03-27,0.0,100.0,38.6,69.3,197.3,5.350000000000020,19.65000000000000,12.500000000000000,12.500000000000000,245.20000000000100,Winter wheat,2022,Pullman(SAT),22PULSATW
86,2022-03-28,0.0,94.0,48.900000000000000,71.45,181.2,5.4500000000000500,15.350000000000000,10.400000000000000,10.400000000000000,255.6000000000020,Winter wheat,2022,Pullman(SAT),22PULSATW
87,2022-03-29,0.0,80.30000000000000,39.5,59.9,233.0,4.350000000000020,14.650000000000000,9.500000000000030,9.500000000000030,265.1000000000020,Winter wheat,2022,Pullman(SAT),22PULSATW
88,2022-03-30,0.0,97.7,51.2,74.5,154.8,1.150000000000030,10.75,5.950000000000020,5.950000000000020,271.05000000000200,Winter wheat,2022,Pullman(SAT),22PULSATW
89,2022-03-31,0.0,95.2,45.6,70.4,149.1,-1.1499999999999800,9.450000000000040,4.150000000000030,4.150000000000030,275.2000000000020,Winter wheat,2022,Pullman(SAT),22PULSATW
90,2022-04-01,3.4000000000000000,100.0,40.400000000000000,70.2,188.6,-2.4499999999999900,11.850000000000000,4.700000000000020,4.700000000000020,279.9000000000020,Winter wheat,2022,Pullman(SAT),22PULSATW
91,2022-04-02,0.0,83.30000000000000,46.400000000000000,64.85,185.3,1.150000000000030,10.650000000000000,5.900000000000030,5.900000000000030,285.8000000000020,Winter wheat,2022,Pullman(SAT),22PULSATW
92,2022-04-03,9.3,82.80000000000000,39.0,60.9,180.3,0.5500000000000110,12.350000000000000,6.450000000000020,6.450000000000020,292.2500000000020,Winter wheat,2022,Pullman(SAT),22PULSATW
93,2022-04-04,7.1000000000000000,93.1,58.900000000000000,76,152.6,1.0500000000000100,8.850000000000020,4.950000000000020,4.950000000000020,297.20000000000200,Winter wheat,2022,Pullman(SAT),22PULSATW
94,2022-04-05,0.0,80.4,40.900000000000000,60.65,140.0,-1.9499999999999900,8.550000000000010,3.300000000000010,3.300000000000010,300.50000000000200,Winter wheat,2022,Pullman(SAT),22PULSATW
95,2022-04-06,0.0,80.0,32.4,56.2,255.0,-2.1499999999999800,11.450000000000000,4.650000000000030,4.650000000000030,305.1500000000020,Winter wheat,2022,Pullman(SAT),22PULSATW
96,2022-04-07,0.0,76.3,25.4,50.9,247.4,3.25,20.15000000000000,11.700000000000000,11.700000000000000,316.8500000000020,Winter wheat,2022,Pullman(SAT),22PULSATW
97,2022-04-08,0.0,100.0,48.6,74.3,142.5,0.4500000000000460,12.450000000000000,6.4500000000000500,6.4500000000000500,323.3000000000020,Winter wheat,2022,Pullman(SAT),22PULSATW
98,2022-04-09,3.5,85.60000000000000,43.6,64.6,92.2,-2.849999999999970,7.650000000000030,2.400000000000030,2.400000000000030,325.7000000000020,Winter wheat,2022,Pullman(SAT),22PULSATW
99,2022-04-10,3.8,79.0,62.6,70.8,147.70000000000000,-2.1499999999999800,2.3500000000000200,0.1000000000000230,0.1000000000000230,325.80000000000200,Winter wheat,2022,Pullman(SAT),22PULSATW
100,2022-04-11,7.7,81.10000000000000,68.4,74.75,204.8,-1.5499999999999500,2.150000000000030,0.3000000000000400,0.3000000000000400,326.10000000000200,Winter wheat,2022,Pullman(SAT),22PULSATW
101,2022-04-12,0.0,77.9,54.1,66.0,179.0,-3.1499999999999800,3.050000000000010,-0.0499999999999829,0.0,326.10000000000200,Winter wheat,2022,Pullman(SAT),22PULSATW
102,2022-04-13,1.9,78.30000000000000,40.5,59.4,176.3,-4.25,5.850000000000020,0.8000000000000110,0.8000000000000110,326.90000000000200,Winter wheat,2022,Pullman(SAT),22PULSATW
103,2022-04-14,3.4000000000000000,78.10000000000000,58.2,68.15,98.7,-2.849999999999970,2.450000000000050,-0.1999999999999600,0.0,326.90000000000200,Winter wheat,2022,Pullman(SAT),22PULSATW
104,2022-04-15,0.0,74.0,47.7,60.9,170.3,-2.4499999999999900,4.75,1.1500000000000100,1.1500000000000100,328.0500000000020,Winter wheat,2022,Pullman(SAT),22PULSATW
105,2022-04-16,5.1000000000000000,75.9,46.3,61.1,186.5,-1.6499999999999800,6.350000000000020,2.3500000000000200,2.3500000000000200,330.4000000000020,Winter wheat,2022,Pullman(SAT),22PULSATW
106,2022-04-17,0.0,78.60000000000000,40.2,59.4,267.8,-1.9499999999999900,8.450000000000050,3.2500000000000300,3.2500000000000300,333.6500000000020,Winter wheat,2022,Pullman(SAT),22PULSATW
107,2022-04-18,2.8000000000000000,82.4,39.0,60.7,216.0,1.650000000000030,13.450000000000000,7.55000000000004,7.55000000000004,341.200000000002,Winter wheat,2022,Pullman(SAT),22PULSATW
108,2022-04-19,1.1,82.9,46.400000000000000,64.65,246.9,0.75,10.150000000000000,5.450000000000020,5.450000000000020,346.650000000002,Winter wheat,2022,Pullman(SAT),22PULSATW
109,2022-04-20,1.3,93.8,45.900000000000000,69.85,245.4,0.5500000000000110,11.950000000000000,6.250000000000030,6.250000000000030,352.900000000002,Winter wheat,2022,Pullman(SAT),22PULSATW
110,2022-04-21,0.0,100.0,53.5,76.8,221.0,0.6500000000000340,11.150000000000000,5.900000000000030,5.900000000000030,358.80000000000200,Winter wheat,2022,Pullman(SAT),22PULSATW
111,2022-04-22,0.0,87.5,39.400000000000000,63.45,274.6,0.4500000000000460,12.950000000000000,6.7000000000000500,6.7000000000000500,365.5000000000020,Winter wheat,2022,Pullman(SAT),22PULSATW
112,2022-04-23,0.0,91.2,41.3,66.3,282.5,1.150000000000030,13.650000000000000,7.400000000000030,7.400000000000030,372.9000000000020,Winter wheat,2022,Pullman(SAT),22PULSATW
113,2022-04-24,0.0,77.9,33.0,55.5,290.5,2.650000000000030,16.05000000000000,9.350000000000030,9.350000000000030,382.25000000000200,Winter wheat,2022,Pullman(SAT),22PULSATW
114,2022-04-25,9.4,77.5,37.6,57.6,256.6,5.75,17.450000000000000,11.600000000000000,11.600000000000000,393.8500000000020,Winter wheat,2022,Pullman(SAT),22PULSATW
115,2022-04-26,1.6,91.4,58.1,74.8,157.10000000000000,2.550000000000010,10.350000000000000,6.450000000000020,6.450000000000020,400.3000000000020,Winter wheat,2022,Pullman(SAT),22PULSATW
116,2022-04-27,0.0,79.7,48.6,64.2,192.5,1.150000000000030,9.350000000000030,5.250000000000030,5.250000000000030,405.5500000000020,Winter wheat,2022,Pullman(SAT),22PULSATW
117,2022-04-28,0.0,86.4,44.400000000000000,65.4,192.0,1.5500000000000100,12.25,6.900000000000010,6.900000000000010,412.4500000000020,Winter wheat,2022,Pullman(SAT),22PULSATW
118,2022-04-29,1.5,77.4,45.2,61.3,175.20000000000000,3.450000000000050,12.350000000000000,7.900000000000030,7.900000000000030,420.35000000000200,Winter wheat,2022,Pullman(SAT),22PULSATW
119,2022-04-30,2.1,83.4,61.6,72.5,165.5,4.9500000000000500,10.650000000000000,7.80000000000004,7.80000000000004,428.1500000000020,Winter wheat,2022,Pullman(SAT),22PULSATW
120,2022-05-01,0.0,86.5,64.4,75.5,290.0,5.350000000000020,11.850000000000000,8.600000000000020,8.600000000000020,436.7500000000020,Winter wheat,2022,Pullman(SAT),22PULSATW
121,2022-05-02,0.4,90.2,59.0,74.6,251.5,5.25,13.650000000000000,9.450000000000020,9.450000000000020,446.2000000000020,Winter wheat,2022,Pullman(SAT),22PULSATW
122,2022-05-03,0.0,94.9,57.400000000000000,76.15,302.0,4.550000000000010,14.050000000000000,9.300000000000010,9.300000000000010,455.50000000000200,Winter wheat,2022,Pullman(SAT),22PULSATW
123,2022-05-04,0.0,85.10000000000000,39.0,62.05,278.90000000000000,6.9500000000000500,20.850000000000000,13.900000000000000,13.900000000000000,469.4000000000020,Winter wheat,2022,Pullman(SAT),22PULSATW
124,2022-05-05,9.6,90.2,60.3,75.3,180.4,8.050000000000010,16.25,12.150000000000000,12.150000000000000,481.5500000000020,Winter wheat,2022,Pullman(SAT),22PULSATW
125,2022-05-06,17.2,87.10000000000000,73.60000000000000,80.35000000000000,150.0,6.9500000000000500,11.650000000000000,9.30000000000004,9.30000000000004,490.8500000000020,Winter wheat,2022,Pullman(SAT),22PULSATW
126,2022-05-07,3.6,96.1,67.10000000000000,81.6,242.0,2.050000000000010,9.350000000000030,5.700000000000020,5.700000000000020,496.55000000000200,Winter wheat,2022,Pullman(SAT),22PULSATW
127,2022-05-08,0.0,79.10000000000000,52.7,65.9,258.3,0.3500000000000230,8.25,4.300000000000010,4.300000000000010,500.85000000000200,Winter wheat,2022,Pullman(SAT),22PULSATW
128,2022-05-09,0.0,86.4,49.1,67.8,242.1,-0.25,9.850000000000030,4.800000000000010,4.800000000000010,505.6500000000030,Winter wheat,2022,Pullman(SAT),22PULSATW
129,2022-05-10,0.0,86.2,41.400000000000000,63.8,295.40000000000000,-0.6499999999999770,11.850000000000000,5.600000000000020,5.600000000000020,511.2500000000030,Winter wheat,2022,Pullman(SAT),22PULSATW
130,2022-05-11,0.0,80.4,37.1,58.8,330.40000000000000,0.75,13.950000000000000,7.350000000000020,7.350000000000020,518.6000000000030,Winter wheat,2022,Pullman(SAT),22PULSATW
131,2022-05-12,9.7,84.7,40.2,62.5,224.0,1.8500000000000200,14.75,8.300000000000010,8.300000000000010,526.9000000000030,Winter wheat,2022,Pullman(SAT),22PULSATW
132,2022-05-13,2.4000000000000000,75.60000000000000,52.2,63.9,324.90000000000000,2.550000000000010,10.050000000000000,6.300000000000010,6.300000000000010,533.2000000000030,Winter wheat,2022,Pullman(SAT),22PULSATW
133,2022-05-14,1.9,78.4,57.8,68.1,146.70000000000000,6.150000000000030,12.850000000000000,9.500000000000030,9.500000000000030,542.7000000000030,Winter wheat,2022,Pullman(SAT),22PULSATW
134,2022-05-15,5.0,91.1,46.900000000000000,69,296.2,8.25,20.450000000000000,14.350000000000000,14.350000000000000,557.0500000000030,Winter wheat,2022,Pullman(SAT),22PULSATW
135,2022-05-16,0.0,100.0,62.1,81.1,299.1,5.4500000000000500,15.350000000000000,10.400000000000000,10.400000000000000,567.4500000000030,Winter wheat,2022,Pullman(SAT),22PULSATW
136,2022-05-17,0.0,74.9,45.2,60.1,330.90000000000000,5.150000000000030,14.75,9.950000000000020,9.950000000000020,577.4000000000030,Winter wheat,2022,Pullman(SAT),22PULSATW
137,2022-05-18,0.7000000000000000,91.5,51.5,71.5,164.5,3.3500000000000200,13.850000000000000,8.600000000000020,8.600000000000020,586.0000000000030,Winter wheat,2022,Pullman(SAT),22PULSATW
138,2022-05-19,0.0,72.10000000000000,48.1,60.1,202.7,2.75,10.75,6.75,6.75,592.7500000000030,Winter wheat,2022,Pullman(SAT),22PULSATW
139,2022-05-20,0.0,83.2,43.8,63.5,192.2,2.25,13.650000000000000,7.950000000000020,7.950000000000020,600.7000000000030,Winter wheat,2022,Pullman(SAT),22PULSATW
140,2022-05-21,0.8,97.6,47.8,72.7,284.5,1.25,13.650000000000000,7.450000000000020,7.450000000000020,608.1500000000030,Winter wheat,2022,Pullman(SAT),22PULSATW
141,2022-05-22,0.0,94.5,39.2,66.9,339.6,1.9500000000000500,16.850000000000000,9.400000000000030,9.400000000000030,617.5500000000030,Winter wheat,2022,Pullman(SAT),22PULSATW
142,2022-05-23,0.8,88.80000000000000,39.7,64.25,287.6,3.25,17.150000000000000,10.200000000000000,10.200000000000000,627.7500000000030,Winter wheat,2022,Pullman(SAT),22PULSATW
143,2022-05-24,0.0,100.0,46.6,73.3,302.5,3.650000000000030,17.25,10.450000000000000,10.450000000000000,638.2000000000030,Winter wheat,2022,Pullman(SAT),22PULSATW
144,2022-05-25,0.0,78.60000000000000,50.6,64.6,256.2,9.850000000000030,18.75,14.300000000000000,14.300000000000000,652.5000000000030,Winter wheat,2022,Pullman(SAT),22PULSATW
145,2022-05-26,6.0,87.5,44.3,65.9,279.2,9.75,22.350000000000000,16.05000000000000,16.05000000000000,668.5500000000030,Winter wheat,2022,Pullman(SAT),22PULSATW
146,2022-05-27,1.2000000000000000,88.60000000000000,58.6,73.6,245.7,8.650000000000030,17.05000000000000,12.850000000000000,12.850000000000000,681.4000000000030,Winter wheat,2022,Pullman(SAT),22PULSATW
147,2022-05-28,1.4,79.10000000000000,64.4,71.75,172.70000000000000,7.950000000000050,13.25,10.600000000000000,10.600000000000000,692.0000000000030,Winter wheat,2022,Pullman(SAT),22PULSATW
148,2022-05-29,1.6,87.9,71.2,79.6,211.3,6.25,11.550000000000000,8.900000000000010,8.900000000000010,700.9000000000030,Winter wheat,2022,Pullman(SAT),22PULSATW
149,2022-05-30,0.0,100.0,80.7,90.4,191.0,4.4500000000000500,9.950000000000040,7.2000000000000500,7.2000000000000500,708.1000000000030,Winter wheat,2022,Pullman(SAT),22PULSATW
150,2022-05-31,0.0,86.7,42.6,64.7,314.20000000000000,6.75,19.55000000000000,13.150000000000000,13.150000000000000,721.2500000000030,Winter wheat,2022,Pullman(SAT),22PULSATW
151,2022-06-01,0.0,72.4,41.2,56.8,304.0,10.450000000000000,21.850000000000000,16.150000000000000,16.150000000000000,737.4000000000030,Winter wheat,2022,Pullman(SAT),22PULSATW
152,2022-06-02,6.0,82.9,40.0,61.5,239.6,11.350000000000000,25.350000000000000,18.350000000000000,18.350000000000000,755.7500000000030,Winter wheat,2022,Pullman(SAT),22PULSATW
153,2022-06-03,9.9,97.8,57.1,77.5,254.8,9.950000000000040,20.75,15.350000000000000,15.350000000000000,771.1000000000030,Winter wheat,2022,Pullman(SAT),22PULSATW
154,2022-06-04,8.5,95.8,76.2,86.0,156.0,9.050000000000010,15.050000000000000,12.050000000000000,12.050000000000000,783.1500000000030,Winter wheat,2022,Pullman(SAT),22PULSATW
155,2022-06-05,2.4000000000000000,87.5,55.0,71.3,241.5,9.950000000000040,19.65000000000000,14.80000000000000,14.80000000000000,797.9500000000030,Winter wheat,2022,Pullman(SAT),22PULSATW
156,2022-06-06,0.0,99.4,52.0,75.7,279.90000000000000,5.9500000000000500,18.15000000000000,12.05000000000000,12.05000000000000,810.000000000003,Winter wheat,2022,Pullman(SAT),22PULSATW
157,2022-06-07,0.0,92.2,43.400000000000000,67.8,335.8,7.650000000000030,21.65000000000000,14.650000000000000,14.650000000000000,824.650000000003,Winter wheat,2022,Pullman(SAT),22PULSATW
158,2022-06-08,0.0,90.2,49.5,69.9,272.0,9.850000000000030,21.65000000000000,15.750000000000000,15.750000000000000,840.400000000003,Winter wheat,2022,Pullman(SAT),22PULSATW
159,2022-06-09,4.5,76.7,46.1,61.4,207.3,12.150000000000000,22.75,17.450000000000000,17.450000000000000,857.8500000000030,Winter wheat,2022,Pullman(SAT),22PULSATW
160,2022-06-10,20.700000000000000,87.7,78.30000000000000,83,141.6,13.25,17.650000000000000,15.450000000000000,15.450000000000000,873.3000000000030,Winter wheat,2022,Pullman(SAT),22PULSATW
161,2022-06-11,5.0,92.8,64.0,78.4,197.4,11.25,19.55000000000000,15.400000000000000,15.400000000000000,888.7000000000030,Winter wheat,2022,Pullman(SAT),22PULSATW
162,2022-06-12,21.700000000000000,100.0,58.400000000000000,79.2,221.3,5.650000000000030,19.15000000000000,12.400000000000000,12.400000000000000,901.1000000000030,Winter wheat,2022,Pullman(SAT),22PULSATW
163,2022-06-13,14.1,96.7,84.5,90.6,178.0,5.050000000000010,9.550000000000010,7.300000000000010,7.300000000000010,908.400000000003,Winter wheat,2022,Pullman(SAT),22PULSATW
164,2022-06-14,0.0,79.60000000000000,61.6,70.6,202.8,5.850000000000020,12.25,9.050000000000010,9.050000000000010,917.450000000003,Winter wheat,2022,Pullman(SAT),22PULSATW
165,2022-06-15,0.0,87.5,43.2,65.4,329.70000000000000,7.650000000000030,20.950000000000000,14.30000000000000,14.30000000000000,931.7500000000030,Winter wheat,2022,Pullman(SAT),22PULSATW
166,2022-06-16,0.0,83.4,55.2,69.3,316.40000000000000,11.650000000000000,20.65000000000000,16.150000000000000,16.150000000000000,947.900000000003,Winter wheat,2022,Pullman(SAT),22PULSATW
167,2022-06-17,4.7,100.0,67.10000000000000,83.55,273.2,9.950000000000040,18.75,14.350000000000000,14.350000000000000,962.2500000000030,Winter wheat,2022,Pullman(SAT),22PULSATW
168,2022-06-18,5.9,87.9,75.4,81.7,130.20000000000000,8.850000000000020,13.75,11.300000000000000,11.300000000000000,973.5500000000030,Winter wheat,2022,Pullman(SAT),22PULSATW
169,2022-06-19,3.3000000000000000,76.5,60.2,68.4,216.5,9.050000000000010,15.350000000000000,12.200000000000000,12.200000000000000,985.7500000000030,Winter wheat,2022,Pullman(SAT),22PULSATW
170,2022-06-20,1.8,79.4,54.5,67.0,243.0,10.050000000000000,18.450000000000000,14.250000000000000,14.250000000000000,1000.0000000000000,Winter wheat,2022,Pullman(SAT),22PULSATW
171,2022-06-21,0.0,79.30000000000000,40.7,60,335.20000000000000,10.850000000000000,23.850000000000000,17.350000000000000,17.350000000000000,1017.3500000000000,Winter wheat,2022,Pullman(SAT),22PULSATW
172,2022-06-22,0.0,91.6,42.1,66.9,335.40000000000000,10.75,25.450000000000000,18.100000000000000,18.100000000000000,1035.4500000000000,Winter wheat,2022,Pullman(SAT),22PULSATW
173,2022-06-23,0.0,85.5,42.6,64.1,338.3,8.25,21.450000000000000,14.850000000000000,14.850000000000000,1050.3000000000000,Winter wheat,2022,Pullman(SAT),22PULSATW
174,2022-06-24,0.0,78.4,37.7,58.1,326.3,7.350000000000020,21.05000000000000,14.200000000000000,14.200000000000000,1064.5000000000000,Winter wheat,2022,Pullman(SAT),22PULSATW
175,2022-06-25,0.0,75.5,31.0,53.3,343.40000000000000,9.150000000000030,25.55000000000000,17.350000000000000,17.350000000000000,1081.8500000000000,Winter wheat,2022,Pullman(SAT),22PULSATW
176,2022-06-26,0.0,70.9,30.700000000000000,50.8,344.8,11.650000000000000,27.55000000000000,19.600000000000000,19.600000000000000,1101.4500000000000,Winter wheat,2022,Pullman(SAT),22PULSATW
177,2022-06-27,0.0,82.2,31.4,56.8,336.1,14.050000000000000,32.25,23.15000000000000,23.15000000000000,1124.6000000000000,Winter wheat,2022,Pullman(SAT),22PULSATW
178,2022-06-28,0.0,89.2,36.9,63.1,335.20000000000000,9.75,26.05000000000000,17.900000000000000,17.900000000000000,1142.5000000000000,Winter wheat,2022,Pullman(SAT),22PULSATW
179,2022-06-29,0.0,77.30000000000000,40.8,59.05,336.8,9.850000000000030,22.350000000000000,16.100000000000000,16.100000000000000,1158.6000000000000,Winter wheat,2022,Pullman(SAT),22PULSATW
180,2022-06-30,0.0,90.5,34.300000000000000,62.4,328.0,8.75,26.350000000000000,17.55000000000000,17.55000000000000,1176.1500000000000,Winter wheat,2022,Pullman(SAT),22PULSATW
181,2022-07-01,0.0,100.0,40.7,70.4,341.0,9.150000000000030,26.350000000000000,17.75000000000000,17.75000000000000,1193.9000000000000,Winter wheat,2022,Pullman(SAT),22PULSATW
182,2022-07-02,8.8,100.0,45.2,72.6,332.5,10.450000000000000,26.450000000000000,18.450000000000000,18.450000000000000,1212.3500000000000,Winter wheat,2022,Pullman(SAT),22PULSATW
183,2022-07-03,2.7,100.0,73.10000000000000,86.55,265.1,11.550000000000000,19.950000000000000,15.750000000000000,15.750000000000000,1228.1000000000000,Winter wheat,2022,Pullman(SAT),22PULSATW
184,2022-07-04,2.8000000000000000,100.0,68.60000000000000,84.3,263.40000000000000,9.650000000000030,18.65000000000000,14.150000000000000,14.150000000000000,1242.2500000000000,Winter wheat,2022,Pullman(SAT),22PULSATW
185,2022-07-05,0.0,89.80000000000000,41.400000000000000,65.6,264.5,12.050000000000000,25.75,18.90000000000000,18.90000000000000,1261.1500000000000,Winter wheat,2022,Pullman(SAT),22PULSATW
186,2022-07-06,0.0,100.0,55.900000000000000,77.95,330.70000000000000,13.550000000000000,24.75,19.15000000000000,19.15000000000000,1280.3000000000000,Winter wheat,2022,Pullman(SAT),22PULSATW
187,2022-07-07,0.0,100.0,61.6,80.8,320.70000000000000,12.450000000000000,23.950000000000000,18.200000000000000,18.200000000000000,1298.500000000000,Winter wheat,2022,Pullman(SAT),22PULSATW
188,2022-07-08,0.0,100.0,50.7,75.4,332.3,12.050000000000000,25.65000000000000,18.850000000000000,18.850000000000000,1317.350000000000,Winter wheat,2022,Pullman(SAT),22PULSATW
189,2022-07-09,0.0,100.0,47.0,73.5,319.40000000000000,11.950000000000000,25.450000000000000,18.700000000000000,18.700000000000000,1336.050000000000,Winter wheat,2022,Pullman(SAT),22PULSATW
190,2022-07-10,0.0,87.80000000000000,42.0,64.9,332.8,10.450000000000000,23.450000000000000,16.950000000000000,16.950000000000000,1353.000000000000,Winter wheat,2022,Pullman(SAT),22PULSATW
191,2022-07-11,0.0,85.4,35.7,60.6,333.90000000000000,11.75,26.950000000000000,19.350000000000000,19.350000000000000,1372.350000000000,Winter wheat,2022,Pullman(SAT),22PULSATW
192,2022-07-12,0.0,92.3,36.6,64.5,333.70000000000000,14.350000000000000,30.75,22.55000000000000,22.55000000000000,1394.900000000000,Winter wheat,2022,Pullman(SAT),22PULSATW
193,2022-07-13,0.0,100.0,38.0,69.0,312.90000000000000,10.75,28.25,19.5,19.5,1414.400000000000,Winter wheat,2022,Pullman(SAT),22PULSATW
194,2022-07-14,0.0,100.0,34.1,67.1,333.70000000000000,9.650000000000030,28.450000000000000,19.05000000000000,19.05000000000000,1433.450000000000,Winter wheat,2022,Pullman(SAT),22PULSATW
195,2022-07-15,0.0,89.5,31.6,60.6,326.90000000000000,10.550000000000000,28.350000000000000,19.450000000000000,19.450000000000000,1452.900000000000,Winter wheat,2022,Pullman(SAT),22PULSATW
196,2022-07-16,0.0,86.0,34.1,60.1,330.20000000000000,12.050000000000000,28.15000000000000,20.100000000000000,20.100000000000000,1473.000000000000,Winter wheat,2022,Pullman(SAT),22PULSATW
197,2022-07-17,0.7000000000000000,97.4,44.400000000000000,70.9,328.70000000000000,11.650000000000000,25.55000000000000,18.600000000000000,18.600000000000000,1491.600000000000,Winter wheat,2022,Pullman(SAT),22PULSATW
198,2022-07-18,0.0,76.2,42.0,59.1,332.1,11.550000000000000,22.350000000000000,16.950000000000000,16.950000000000000,1508.550000000000,Winter wheat,2022,Pullman(SAT),22PULSATW
199,2022-07-19,0.0,79.4,30.0,54.7,329.8,11.350000000000000,28.05000000000000,19.700000000000000,19.700000000000000,1528.250000000000,Winter wheat,2022,Pullman(SAT),22PULSATW
200,2022-07-20,0.0,77.60000000000000,24.200000000000000,50.9,330.70000000000000,11.550000000000000,31.25,21.40000000000000,21.40000000000000,1549.6500000000000,Winter wheat,2022,Pullman(SAT),22PULSATW
201,2022-07-21,0.0,72.8,21.9,47.4,331.70000000000000,11.550000000000000,31.75,21.65000000000000,21.65000000000000,1571.3000000000000,Winter wheat,2022,Pullman(SAT),22PULSATW
202,2022-07-22,0.0,77.5,28.3,52.9,329.6,10.350000000000000,27.450000000000000,18.90000000000000,18.90000000000000,1590.2000000000000,Winter wheat,2022,Pullman(SAT),22PULSATW
203,2022-07-23,0.0,97.7,29.4,63.6,323.8,8.950000000000050,29.15000000000000,19.05000000000000,19.05000000000000,1609.2500000000000,Winter wheat,2022,Pullman(SAT),22PULSATW
204,2022-07-24,0.0,76.9,28.3,52.6,323.5,13.150000000000000,30.450000000000000,21.80000000000000,21.80000000000000,1631.0500000000000,Winter wheat,2022,Pullman(SAT),22PULSATW
205,2022-07-25,0.0,70.3,24.9,47.6,314.5,14.550000000000000,32.55000000000000,23.55000000000000,23.55000000000000,1654.6000000000000,Winter wheat,2022,Pullman(SAT),22PULSATW
206,2022-07-26,0.0,73.7,25.8,49.8,317.5,15.25,33.55000000000000,24.40000000000000,24.40000000000000,1679.0000000000000,Winter wheat,2022,Pullman(SAT),22PULSATW
207,2022-07-27,0.0,75.4,25.6,50.5,307.90000000000000,15.650000000000000,34.55000000000000,25.100000000000000,25.100000000000000,1704.1000000000000,Winter wheat,2022,Pullman(SAT),22PULSATW
208,2022-07-28,0.0,76.4,25.8,51.1,312.5,16.25,35.35000000000000,25.80000000000000,25.80000000000000,1729.9000000000000,Winter wheat,2022,Pullman(SAT),22PULSATW
209,2022-07-29,0.0,64.3,19.200000000000000,41.75,320.6,15.650000000000000,36.35000000000000,26.00000000000000,26.00000000000000,1755.9000000000000,Winter wheat,2022,Pullman(SAT),22PULSATW
210,2022-07-30,0.0,51.900000000000000,17.1,34.5,317.3,15.850000000000000,34.75,25.30000000000000,25.30000000000000,1781.2000000000000,Winter wheat,2022,Pullman(SAT),22PULSATW
211,2022-07-31,0.0,45.6,15.6,30.6,315.5,16.55000000000000,34.650000000000000,25.600000000000000,25.600000000000000,1806.8000000000000,Winter wheat,2022,Pullman(SAT),22PULSATW
212,2022-08-01,0.0,45.0,15.3,30.2,244.6,18.05000000000000,32.35000000000000,25.200000000000000,25.200000000000000,1832.0000000000000,Winter wheat,2022,Pullman(SAT),22PULSATW
213,2022-08-02,0.0,73.7,22.5,48.1,298.2,13.050000000000000,30.55000000000000,21.80000000000000,21.80000000000000,1853.8000000000000,Winter wheat,2022,Pullman(SAT),22PULSATW
214,2022-08-03,0.0,69.3,18.5,43.9,295.2,13.350000000000000,32.55000000000000,22.950000000000000,22.950000000000000,1876.7500000000000,Winter wheat,2022,Pullman(SAT),22PULSATW
215,2022-08-04,0.0,96.0,29.5,62.8,296.6,8.150000000000030,25.850000000000000,17.00000000000000,17.00000000000000,1893.7500000000000,Winter wheat,2022,Pullman(SAT),22PULSATW
216,2022-08-05,0.0,96.8,28.4,62.6,290.6,7.350000000000020,25.65000000000000,16.50000000000000,16.50000000000000,1910.2500000000000,Winter wheat,2022,Pullman(SAT),22PULSATW
217,2022-08-06,0.0,93.2,23.200000000000000,58.2,296.3,7.050000000000010,27.55000000000000,17.30000000000000,17.30000000000000,1927.5500000000000,Winter wheat,2022,Pullman(SAT),22PULSATW
218,2022-08-07,0.0,72.2,16.8,44.5,292.5,9.550000000000010,30.350000000000000,19.950000000000000,19.950000000000000,1947.5000000000000,Winter wheat,2022,Pullman(SAT),22PULSATW
219,2022-08-08,0.0,46.900000000000000,12.2,29.55,291.7,16.650000000000000,34.55000000000000,25.600000000000000,25.600000000000000,1973.1000000000000,Winter wheat,2022,Pullman(SAT),22PULSATW
220,2022-08-09,0.8,49.3,17.3,33.3,200.2,19.55000000000000,34.05000000000000,26.80000000000000,26.80000000000000,1999.9000000000000,Winter wheat,2022,Pullman(SAT),22PULSATW
221,2022-08-10,0.6000000000000000,83.7,34.300000000000000,59,222.0,17.150000000000000,31.15000000000000,24.15000000000000,24.15000000000000,2024.0500000000000,Winter wheat,2022,Pullman(SAT),22PULSATW
222,2022-08-11,2.4000000000000000,92.9,33.1,63.0,242.4,15.650000000000000,31.950000000000000,23.80000000000000,23.80000000000000,2047.8500000000000,Winter wheat,2022,Pullman(SAT),22PULSATW
223,2022-08-12,0.0,94.9,31.3,63.1,271.7,14.350000000000000,31.75,23.05000000000000,23.05000000000000,2070.9000000000000,Winter wheat,2022,Pullman(SAT),22PULSATW
224,2022-08-13,0.0,92.7,30.4,61.6,282.8,10.050000000000000,26.950000000000000,18.50000000000000,18.50000000000000,2089.4000000000000,Winter wheat,2022,Pullman(SAT),22PULSATW
225,2022-08-14,0.0,88.60000000000000,22.1,55.35,282.40000000000000,8.550000000000010,29.05000000000000,18.80000000000000,18.80000000000000,2108.200000000010,Winter wheat,2022,Pullman(SAT),22PULSATW
226,2022-08-15,0.0,76.0,16.5,46.3,279.40000000000000,9.550000000000010,31.450000000000000,20.50000000000000,20.50000000000000,2128.700000000010,Winter wheat,2022,Pullman(SAT),22PULSATW
227,2022-08-16,0.0,64.2,14.3,39.3,277.40000000000000,12.350000000000000,33.55000000000000,22.950000000000000,22.950000000000000,2151.6500000000000,Winter wheat,2022,Pullman(SAT),22PULSATW
228,2022-08-17,0.0,70.0,13.5,41.8,274.7,12.550000000000000,36.150000000000000,24.350000000000000,24.350000000000000,2176.0000000000000,Winter wheat,2022,Pullman(SAT),22PULSATW
229,2022-08-18,0.0,68.9,16.0,42.5,271.5,15.050000000000000,36.450000000000000,25.75000000000000,25.75000000000000,2201.7500000000000,Winter wheat,2022,Pullman(SAT),22PULSATW
230,2022-08-19,0.0,64.9,22.700000000000000,43.8,226.4,17.55000000000000,33.150000000000000,25.350000000000000,25.350000000000000,2227.1000000000000,Winter wheat,2022,Pullman(SAT),22PULSATW
231,2022-08-20,0.0,77.0,28.3,52.7,258.0,17.05000000000000,32.450000000000000,24.75000000000000,24.75000000000000,2251.8500000000000,Winter wheat,2022,Pullman(SAT),22PULSATW
232,2022-08-21,0.0,96.1,26.5,61.3,262.7,13.25,33.25,23.25,23.25,2275.1000000000000,Winter wheat,2022,Pullman(SAT),22PULSATW
233,2022-08-22,0.0,85.0,30.9,58.0,218.0,12.450000000000000,27.850000000000000,20.15000000000000,20.15000000000000,2295.2500000000000,Winter wheat,2022,Pullman(SAT),22PULSATW
234,2022-08-23,0.0,89.7,27.8,58.8,258.7,13.050000000000000,31.05000000000000,22.05000000000000,22.05000000000000,2317.3000000000000,Winter wheat,2022,Pullman(SAT),22PULSATW
235,2022-08-24,0.0,85.5,29.1,57.3,245.4,14.550000000000000,31.15000000000000,22.850000000000000,22.850000000000000,2340.1500000000000,Winter wheat,2022,Pullman(SAT),22PULSATW
236,2022-08-25,0.0,84.5,31.700000000000000,58.1,253.1,15.150000000000000,30.350000000000000,22.75000000000000,22.75000000000000,2362.9000000000000,Winter wheat,2022,Pullman(SAT),22PULSATW
237,2022-08-26,0.0,72.60000000000000,28.4,50.5,253.0,16.25,30.450000000000000,23.350000000000000,23.350000000000000,2386.2500000000000,Winter wheat,2022,Pullman(SAT),22PULSATW
238,2022-08-27,0.0,100.0,40.5,70.3,227.1,8.150000000000030,22.25,15.200000000000000,15.200000000000000,2401.4500000000000,Winter wheat,2022,Pullman(SAT),22PULSATW
239,2022-08-28,0.0,79.5,28.200000000000000,53.85,250.7,8.050000000000010,23.15000000000000,15.600000000000000,15.600000000000000,2417.0500000000000,Winter wheat,2022,Pullman(SAT),22PULSATW
240,2022-08-29,0.0,58.3,17.400000000000000,37.85,252.4,13.150000000000000,30.05000000000000,21.600000000000000,21.600000000000000,2438.650000000000,Winter wheat,2022,Pullman(SAT),22PULSATW
241,2022-08-30,0.0,52.2,13.5,32.9,249.4,16.05000000000000,34.650000000000000,25.350000000000000,25.350000000000000,2464.000000000000,Winter wheat,2022,Pullman(SAT),22PULSATW
242,2022-08-31,0.0,50.6,9.9,30.3,248.7,16.150000000000000,38.150000000000000,27.15000000000000,27.15000000000000,2491.150000000000,Winter wheat,2022,Pullman(SAT),22PULSATW
243,2022-09-01,0.0,63.3,16.900000000000000,40.1,241.3,15.050000000000000,32.85000000000000,23.950000000000000,23.950000000000000,2515.100000000000,Winter wheat,2022,Pullman(SAT),22PULSATW
244,2022-09-02,0.0,48.900000000000000,10.5,29.7,245.2,17.05000000000000,35.950000000000000,26.50000000000000,26.50000000000000,2541.600000000000,Winter wheat,2022,Pullman(SAT),22PULSATW
245,2022-09-03,0.4,72.5,23.3,47.9,187.5,10.75,26.25,18.5,18.5,2560.100000000000,Winter wheat,2022,Pullman(SAT),22PULSATW
246,2022-09-04,0.0,86.10000000000000,22.5,54.3,237.4,10.25,29.25,19.75,19.75,2579.850000000000,Winter wheat,2022,Pullman(SAT),22PULSATW
247,2022-09-05,0.0,80.7,22.6,51.7,235.7,8.850000000000020,26.450000000000000,17.650000000000000,17.650000000000000,2597.500000000000,Winter wheat,2022,Pullman(SAT),22PULSATW
248,2022-09-06,0.0,55.3,10.7,33.0,234.8,11.850000000000000,32.25,22.05000000000000,22.05000000000000,2619.5500000000000,Winter wheat,2022,Pullman(SAT),22PULSATW
249,2022-09-07,0.0,59.1,13.8,36.5,200.7,11.150000000000000,29.65000000000000,20.40000000000000,20.40000000000000,2639.9500000000000,Winter wheat,2022,Pullman(SAT),22PULSATW
250,2022-09-08,0.0,64.3,13.5,38.9,236.8,4.4500000000000500,23.850000000000000,14.150000000000000,14.150000000000000,2654.1000000000000,Winter wheat,2022,Pullman(SAT),22PULSATW
251,2022-09-09,0.0,63.2,12.0,37.6,231.9,4.4500000000000500,24.850000000000000,14.650000000000000,14.650000000000000,2668.7500000000000,Winter wheat,2022,Pullman(SAT),22PULSATW
252,2022-09-10,0.0,53.1,11.4,32.3,230.4,8.850000000000020,27.25,18.05000000000000,18.05000000000000,2686.8000000000000,Winter wheat,2022,Pullman(SAT),22PULSATW
253,2022-09-11,0.0,45.5,12.1,28.8,209.7,12.25,27.55000000000000,19.90000000000000,19.90000000000000,2706.700000000010,Winter wheat,2022,Pullman(SAT),22PULSATW
254,2022-09-12,0.0,67.0,23.9,45.5,158.70000000000000,10.25,23.950000000000000,17.100000000000000,17.100000000000000,2723.8000000000000,Winter wheat,2022,Pullman(SAT),22PULSATW
255,2022-09-13,0.7000000000000000,84.7,28.4,56.6,210.7,9.450000000000040,24.850000000000000,17.150000000000000,17.150000000000000,2740.950000000010,Winter wheat,2022,Pullman(SAT),22PULSATW
256,2022-09-14,0.5,100.0,40.5,70.3,201.6,7.450000000000050,22.15000000000000,14.80000000000000,14.80000000000000,2755.750000000010,Winter wheat,2022,Pullman(SAT),22PULSATW
257,2022-09-15,0.0,100.0,38.5,69.3,205.6,7.350000000000020,22.75,15.050000000000000,15.050000000000000,2770.800000000010,Winter wheat,2022,Pullman(SAT),22PULSATW
258,2022-09-16,0.0,100.0,40.2,70.1,185.0,5.4500000000000500,20.450000000000000,12.950000000000000,12.950000000000000,2783.750000000010,Winter wheat,2022,Pullman(SAT),22PULSATW
259,2022-09-17,0.3,92.9,25.3,59.1,209.7,4.350000000000020,22.350000000000000,13.350000000000000,13.350000000000000,2797.1000000000100,Winter wheat,2022,Pullman(SAT),22PULSATW
260,2022-09-18,0.0,82.5,31.8,57.2,130.0,7.350000000000020,20.55000000000000,13.950000000000000,13.950000000000000,2811.050000000010,Winter wheat,2022,Pullman(SAT),22PULSATW
261,2022-09-19,0.0,97.4,28.9,63.2,203.3,6.650000000000030,23.950000000000000,15.30000000000000,15.30000000000000,2826.3500000000100,Winter wheat,2022,Pullman(SAT),22PULSATW
262,2022-09-20,0.0,87.30000000000000,23.5,55.4,202.6,5.9500000000000500,24.05000000000000,15.000000000000000,15.000000000000000,2841.3500000000100,Winter wheat,2022,Pullman(SAT),22PULSATW
263,2022-09-21,9.0,72.3,21.0,46.7,190.0,7.850000000000020,24.350000000000000,16.100000000000000,16.100000000000000,2857.4500000000100,Winter wheat,2022,Pullman(SAT),22PULSATW
264,2022-09-22,2.7,82.0,42.900000000000000,62.45,126.5,9.050000000000010,18.15000000000000,13.600000000000000,13.600000000000000,2871.050000000010,Winter wheat,2022,Pullman(SAT),22PULSATW
265,2022-09-23,0.0,85.7,36.8,61.3,192.4,8.050000000000010,19.950000000000000,14.000000000000000,14.000000000000000,2885.050000000010,Winter wheat,2022,Pullman(SAT),22PULSATW
266,2022-09-24,0.0,79.2,26.9,53.1,190.1,8.650000000000030,23.55000000000000,16.100000000000000,16.100000000000000,2901.150000000010,Winter wheat,2022,Pullman(SAT),22PULSATW
267,2022-09-25,0.0,75.60000000000000,21.5,48.55,190.6,9.450000000000040,26.65000000000000,18.05000000000000,18.05000000000000,2919.2000000000100,Winter wheat,2022,Pullman(SAT),22PULSATW
268,2022-09-26,0.0,64.2,16.400000000000000,40.3,193.2,11.75,29.75,20.75,20.75,2939.9500000000100,Winter wheat,2022,Pullman(SAT),22PULSATW
269,2022-09-27,0.0,64.3,12.2,38.3,188.1,10.350000000000000,31.850000000000000,21.100000000000000,21.100000000000000,2961.050000000010,Winter wheat,2022,Pullman(SAT),22PULSATW
270,2022-09-28,10.6,59.1,17.8,38.5,183.0,10.850000000000000,26.15000000000000,18.50000000000000,18.50000000000000,2979.550000000010,Winter wheat,2022,Pullman(SAT),22PULSATW
271,2022-09-29,14.7,81.5,67.9,74.7,62.400000000000000,11.650000000000000,14.25,12.950000000000000,12.950000000000000,2992.500000000010,Winter wheat,2022,Pullman(SAT),22PULSATW
272,2022-09-30,0.8,100.0,54.900000000000000,77.45,100.0,8.850000000000020,19.55000000000000,14.200000000000000,14.200000000000000,3006.700000000010,Winter wheat,2022,Pullman(SAT),22PULSATW
273,2022-10-01,0.0,100.0,38.2,69.1,159.9,9.150000000000030,22.850000000000000,16.00000000000000,16.00000000000000,3022.700000000010,Winter wheat,2022,Pullman(SAT),22PULSATW
274,2022-10-02,0.0,91.3,34.2,62.8,168.70000000000000,9.850000000000030,23.350000000000000,16.600000000000000,16.600000000000000,3039.3000000000000,Winter wheat,2022,Pullman(SAT),22PULSATW
275,2022-10-03,0.0,84.2,28.9,56.6,167.8,10.25,24.65000000000000,17.450000000000000,17.450000000000000,3056.7500000000000,Winter wheat,2022,Pullman(SAT),22PULSATW
276,2022-10-04,0.0,72.60000000000000,24.1,48.35,167.4,11.75,26.05000000000000,18.90000000000000,18.90000000000000,3075.6500000000000,Winter wheat,2022,Pullman(SAT),22PULSATW
277,2022-10-05,0.0,73.3,20.1,46.7,161.70000000000000,9.850000000000030,26.350000000000000,18.100000000000000,18.100000000000000,3093.7500000000000,Winter wheat,2022,Pullman(SAT),22PULSATW
278,2022-10-06,0.0,80.60000000000000,23.4,52,163.20000000000000,9.350000000000030,25.65000000000000,17.50000000000000,17.50000000000000,3111.2500000000000,Winter wheat,2022,Pullman(SAT),22PULSATW
279,2022-10-07,0.0,93.2,29.200000000000000,61.2,157.8,8.050000000000010,23.850000000000000,15.950000000000000,15.950000000000000,3127.2000000000000,Winter wheat,2022,Pullman(SAT),22PULSATW
280,2022-10-08,0.0,89.7,27.0,58.4,156.8,7.650000000000030,23.75,15.700000000000000,15.700000000000000,3142.900000000000,Winter wheat,2022,Pullman(SAT),22PULSATW
281,2022-10-09,0.0,84.60000000000000,26.1,55.35,156.5,7.450000000000050,22.950000000000000,15.200000000000000,15.200000000000000,3158.100000000000,Winter wheat,2022,Pullman(SAT),22PULSATW
282,2022-10-10,0.0,75.3,24.9,50.1,153.5,8.350000000000020,22.55000000000000,15.450000000000000,15.450000000000000,3173.550000000000,Winter wheat,2022,Pullman(SAT),22PULSATW
283,2022-10-11,0.0,75.2,27.6,51.4,151.1,6.75,19.450000000000000,13.100000000000000,13.100000000000000,3186.650000000000,Winter wheat,2022,Pullman(SAT),22PULSATW
284,2022-10-12,0.0,74.0,22.3,48.2,148.6,7.150000000000030,22.25,14.700000000000000,14.700000000000000,3201.3500000000000,Winter wheat,2022,Pullman(SAT),22PULSATW
285,2022-10-13,0.0,89.60000000000000,22.700000000000000,56.15,149.9,4.650000000000030,22.55000000000000,13.600000000000000,13.600000000000000,3214.9500000000000,Winter wheat,2022,Pullman(SAT),22PULSATW
286,2022-10-14,0.0,86.10000000000000,24.9,55.5,146.4,5.4500000000000500,21.65000000000000,13.55000000000000,13.55000000000000,3228.500000000000,Winter wheat,2022,Pullman(SAT),22PULSATW
287,2022-10-15,0.0,79.4,20.8,50.1,144.6,7.050000000000010,24.25,15.650000000000000,15.650000000000000,3244.150000000000,Winter wheat,2022,Pullman(SAT),22PULSATW
288,2022-10-16,0.0,70.3,17.2,43.8,144.1,7.150000000000030,24.450000000000000,15.80000000000000,15.80000000000000,3259.950000000000,Winter wheat,2022,Pullman(SAT),22PULSATW
289,2022-10-17,0.0,76.3,16.2,46.3,142.20000000000000,5.150000000000030,24.350000000000000,14.750000000000000,14.750000000000000,3274.700000000000,Winter wheat,2022,Pullman(SAT),22PULSATW
290,2022-10-18,0.0,87.10000000000000,17.900000000000000,52.5,138.6,3.450000000000050,23.55000000000000,13.500000000000000,13.500000000000000,3288.200000000000,Winter wheat,2022,Pullman(SAT),22PULSATW
291,2022-10-19,0.0,87.7,21.4,54.6,136.6,4.150000000000030,22.350000000000000,13.250000000000000,13.250000000000000,3301.450000000000,Winter wheat,2022,Pullman(SAT),22PULSATW
292,2022-10-20,0.0,78.30000000000000,28.0,53.15,121.2,6.350000000000020,19.55000000000000,12.950000000000000,12.950000000000000,3314.400000000000,Winter wheat,2022,Pullman(SAT),22PULSATW
293,2022-10-21,11.8,100.0,64.7,82.4,70.5,3.450000000000050,10.75,7.100000000000020,7.100000000000020,3321.500000000000,Winter wheat,2022,Pullman(SAT),22PULSATW
294,2022-10-22,3.6,100.0,71.2,85.6,94.4,0.3500000000000230,7.350000000000020,3.850000000000020,3.850000000000020,3325.3500000000000,Winter wheat,2022,Pullman(SAT),22PULSATW
295,2022-10-23,0.4,99.8,60.400000000000000,80.1,61.7,0.5500000000000110,7.350000000000020,3.950000000000020,3.950000000000020,3329.300000000000,Winter wheat,2022,Pullman(SAT),22PULSATW
296,2022-10-24,6.0,100.0,73.7,86.9,49.900000000000000,1.25,6.850000000000020,4.050000000000010,4.050000000000010,3333.3500000000000,Winter wheat,2022,Pullman(SAT),22PULSATW
297,2022-10-25,2.1,94.8,55.900000000000000,75.35,111.4,2.450000000000050,9.550000000000010,6.000000000000030,6.000000000000030,3339.3500000000000,Winter wheat,2022,Pullman(SAT),22PULSATW
298,2022-10-26,0.4,100.0,62.0,81.0,58.7,0.4500000000000460,7.650000000000030,4.05000000000004,4.05000000000004,3343.400000000000,Winter wheat,2022,Pullman(SAT),22PULSATW
299,2022-10-27,0.0,91.3,42.7,67.0,121.0,0.6500000000000340,10.550000000000000,5.600000000000020,5.600000000000020,3349.000000000000,Winter wheat,2022,Pullman(SAT),22PULSATW
300,2022-10-28,0.0,74.9,37.3,56.1,90.3,3.150000000000030,11.75,7.450000000000020,7.450000000000020,3356.4500000000000,Winter wheat,2022,Pullman(SAT),22PULSATW
301,2022-10-29,0.0,91.8,49.6,70.7,106.9,5.050000000000010,13.350000000000000,9.200000000000020,9.200000000000020,3365.650000000000,Winter wheat,2022,Pullman(SAT),22PULSATW
302,2022-10-30,1.5,87.30000000000000,52.0,69.65,60.400000000000000,6.150000000000030,13.050000000000000,9.600000000000030,9.600000000000030,3375.250000000000,Winter wheat,2022,Pullman(SAT),22PULSATW
303,2022-10-31,13.6,100.0,75.60000000000000,87.8,40.2,5.150000000000030,11.050000000000000,8.100000000000020,8.100000000000020,3383.350000000000,Winter wheat,2022,Pullman(SAT),22PULSATW
304,2022-11-01,18.6,100.0,100.0,100.0,49.2,0.1500000000000340,5.850000000000020,3.0000000000000300,3.0000000000000300,3386.350000000000,Winter wheat,2022,Pullman(SAT),22PULSATW
305,2022-11-02,1.3,85.7,57.5,71.6,77.2,0.1500000000000340,5.650000000000030,2.900000000000030,2.900000000000030,3389.250000000000,Winter wheat,2022,Pullman(SAT),22PULSATW
306,2022-11-03,10.8,78.80000000000000,60.0,69.4,73.0,0.1500000000000340,3.850000000000020,2.0000000000000300,2.0000000000000300,3391.250000000000,Winter wheat,2022,Pullman(SAT),22PULSATW
307,2022-11-04,40.1,100.0,60.8,80.4,36.6,0.9500000000000460,11.550000000000000,6.250000000000030,6.250000000000030,3397.500000000000,Winter wheat,2022,Pullman(SAT),22PULSATW
308,2022-11-05,7.2,94.4,60.0,77.2,80.0,0.3500000000000230,6.75,3.550000000000010,3.550000000000010,3401.050000000000,Winter wheat,2022,Pullman(SAT),22PULSATW
309,2022-11-06,5.5,79.2,47.3,63.3,89.2,0.3500000000000230,7.150000000000030,3.750000000000030,3.750000000000030,3404.800000000000,Winter wheat,2022,Pullman(SAT),22PULSATW
310,2022-11-07,1.4,85.60000000000000,54.7,70.15,78.9,-0.25,5.850000000000020,2.800000000000010,2.800000000000010,3407.6000000000000,Winter wheat,2022,Pullman(SAT),22PULSATW
311,2022-11-08,0.0,70.9,33.9,52.4,101.6,-2.6499999999999800,6.4500000000000500,1.900000000000030,1.900000000000030,3409.500000000000,Winter wheat,2022,Pullman(SAT),22PULSATW
312,2022-11-09,0.0,72.4,47.400000000000000,59.9,100.5,-4.449999999999990,0.8500000000000230,-1.799999999999980,0.0,3409.500000000000,Winter wheat,2022,Pullman(SAT),22PULSATW
313,2022-11-10,0.0,77.80000000000000,48.8,63.3,98.5,-3.849999999999970,2.150000000000030,-0.8499999999999660,0.0,3409.500000000000,Winter wheat,2022,Pullman(SAT),22PULSATW
314,2022-11-11,0.0,75.4,47.1,61.3,96.9,-3.1499999999999800,2.8500000000000200,-0.1499999999999770,0.0,3409.500000000000,Winter wheat,2022,Pullman(SAT),22PULSATW
315,2022-11-12,0.0,72.9,41.7,57.3,85.5,-2.5499999999999500,4.4500000000000500,0.9500000000000460,0.9500000000000460,3410.4500000000000,Winter wheat,2022,Pullman(SAT),22PULSATW
316,2022-11-13,0.0,75.10000000000000,55.2,65.15,56.0,-2.25,1.75,-0.25,0.0,3410.4500000000000,Winter wheat,2022,Pullman(SAT),22PULSATW
317,2022-11-14,0.0,95.0,53.7,74.4,91.1,-6.25,1.3500000000000200,-2.4499999999999900,0.0,3410.4500000000000,Winter wheat,2022,Pullman(SAT),22PULSATW
318,2022-11-15,0.0,100.0,48.900000000000000,74.45,90.2,-6.949999999999990,2.550000000000010,-2.1999999999999900,0.0,3410.4500000000000,Winter wheat,2022,Pullman(SAT),22PULSATW
319,2022-11-16,0.0,99.3,71.5,85.4,87.80000000000000,-6.25,-1.5499999999999500,-3.899999999999980,0.0,3410.4500000000000,Winter wheat,2022,Pullman(SAT),22PULSATW
320,2022-11-17,0.0,100.0,37.5,68.8,84.30000000000000,-9.649999999999980,3.650000000000030,-2.999999999999970,0.0,3410.4500000000000,Winter wheat,2022,Pullman(SAT),22PULSATW
321,2022-11-18,0.0,79.60000000000000,30.0,54.8,87.80000000000000,-10.050000000000000,1.650000000000030,-4.19999999999996,0.0,3410.4500000000000,Winter wheat,2022,Pullman(SAT),22PULSATW
322,2022-11-19,0.0,71.10000000000000,30.6,50.85,86.2,-7.649999999999980,2.3500000000000200,-2.6499999999999800,0.0,3410.4500000000000,Winter wheat,2022,Pullman(SAT),22PULSATW
323,2022-11-20,0.0,69.8,31.3,50.6,84.4,-7.25,2.25,-2.5,0.0,3410.4500000000000,Winter wheat,2022,Pullman(SAT),22PULSATW
324,2022-11-21,0.0,60.0,32.4,46.2,49.8,-2.4499999999999900,4.650000000000030,1.1000000000000200,1.1000000000000200,3411.550000000000,Winter wheat,2022,Pullman(SAT),22PULSATW
325,2022-11-22,11.0,78.4,45.3,61.9,67.3,-1.6499999999999800,5.4500000000000500,1.900000000000030,1.900000000000030,3413.4500000000000,Winter wheat,2022,Pullman(SAT),22PULSATW
326,2022-11-23,0.0,96.0,63.900000000000000,79.95,78.9,-0.0499999999999545,5.75,2.8500000000000200,2.8500000000000200,3416.300000000000,Winter wheat,2022,Pullman(SAT),22PULSATW
327,2022-11-24,0.0,80.9,45.6,63.3,77.60000000000000,0.4500000000000460,8.050000000000010,4.250000000000030,4.250000000000030,3420.550000000000,Winter wheat,2022,Pullman(SAT),22PULSATW
328,2022-11-25,5.300000000000000,80.5,40.0,60.3,76.9,-1.0499999999999500,8.050000000000010,3.5000000000000300,3.5000000000000300,3424.050000000000,Winter wheat,2022,Pullman(SAT),22PULSATW
329,2022-11-26,0.0,96.8,60.0,78.4,76.60000000000000,-1.75,4.9500000000000500,1.6000000000000200,1.6000000000000200,3425.650000000000,Winter wheat,2022,Pullman(SAT),22PULSATW
330,2022-11-27,1.3,100.0,55.5,77.8,45.1,-3.75,4.850000000000020,0.5500000000000110,0.5500000000000110,3426.2000000000000,Winter wheat,2022,Pullman(SAT),22PULSATW
331,2022-11-28,5.300000000000000,100.0,68.9,84.5,61.900000000000000,-14.75,-0.0499999999999545,-7.399999999999980,0.0,3426.2000000000000,Winter wheat,2022,Pullman(SAT),22PULSATW
332,2022-11-29,5.300000000000000,100.0,54.8,77.4,39.2,-14.650000000000000,-1.6499999999999800,-8.149999999999980,0.0,3426.2000000000000,Winter wheat,2022,Pullman(SAT),22PULSATW
333,2022-11-30,14.6,94.0,68.9,81.5,34.6,-1.9499999999999900,2.550000000000010,0.3000000000000110,0.3000000000000110,3426.500000000000,Winter wheat,2022,Pullman(SAT),22PULSATW
334,2022-12-01,1.3,100.0,82.7,91.4,48.5,-5.75,0.5500000000000110,-2.5999999999999900,0.0,3426.500000000000,Winter wheat,2022,Pullman(SAT),22PULSATW
335,2022-12-02,0.0,96.6,63.2,79.9,50.1,-7.949999999999990,-1.4499999999999900,-4.699999999999990,0.0,3426.500000000000,Winter wheat,2022,Pullman(SAT),22PULSATW
336,2022-12-03,0.0,72.60000000000000,45.8,59.2,69.60000000000000,-7.949999999999990,-1.349999999999970,-4.649999999999980,0.0,3426.500000000000,Winter wheat,2022,Pullman(SAT),22PULSATW
337,2022-12-04,4.3,96.3,67.60000000000000,81.95,54.0,-7.849999999999970,-2.25,-5.049999999999980,0.0,3426.500000000000,Winter wheat,2022,Pullman(SAT),22PULSATW
338,2022-12-05,1.0,100.0,97.7,98.9,24.4,-6.149999999999980,-3.25,-4.699999999999990,0.0,3426.500000000000,Winter wheat,2022,Pullman(SAT),22PULSATW
339,2022-12-06,0.0,90.7,70.60000000000000,80.65,59.0,-4.5499999999999500,-0.25,-2.3999999999999800,0.0,3426.500000000000,Winter wheat,2022,Pullman(SAT),22PULSATW
340,2022-12-07,0.0,100.0,68.7,84.4,68.10000000000000,-8.149999999999980,0.0500000000000113,-4.049999999999980,0.0,3426.500000000000,Winter wheat,2022,Pullman(SAT),22PULSATW
341,2022-12-08,4.1000000000000000,100.0,63.900000000000000,81.95,48.3,-6.25,1.0500000000000100,-2.5999999999999900,0.0,3426.500000000000,Winter wheat,2022,Pullman(SAT),22PULSATW
342,2022-12-09,3.7,100.0,74.9,87.5,32.6,-3.9499999999999900,1.4500000000000500,-1.2499999999999700,0.0,3426.500000000000,Winter wheat,2022,Pullman(SAT),22PULSATW
343,2022-12-10,3.2,91.2,73.5,82.4,42.1,-1.0499999999999500,2.8500000000000200,0.9000000000000340,0.9000000000000340,3427.400000000000,Winter wheat,2022,Pullman(SAT),22PULSATW
344,2022-12-11,0.7000000000000000,100.0,78.9,89.5,40.1,-1.4499999999999900,3.75,1.1500000000000100,1.1500000000000100,3428.550000000000,Winter wheat,2022,Pullman(SAT),22PULSATW
345,2022-12-12,0.0,100.0,100.0,100.0,41.1,-3.1499999999999800,0.1500000000000340,-1.4999999999999700,0.0,3428.550000000000,Winter wheat,2022,Pullman(SAT),22PULSATW
346,2022-12-13,2.4000000000000000,100.0,97.3,98.7,42.400000000000000,-3.649999999999980,-0.8499999999999660,-2.249999999999970,0.0,3428.550000000000,Winter wheat,2022,Pullman(SAT),22PULSATW
347,2022-12-14,1.5,100.0,91.2,95.6,33.800000000000000,-3.849999999999970,-1.0499999999999500,-2.44999999999996,0.0,3428.550000000000,Winter wheat,2022,Pullman(SAT),22PULSATW
348,2022-12-15,0.0,100.0,84.7,92.4,54.5,-9.849999999999970,-2.75,-6.299999999999980,0.0,3428.550000000000,Winter wheat,2022,Pullman(SAT),22PULSATW
349,2022-12-16,0.0,100.0,76.3,88.2,65.5,-9.049999999999960,-3.5499999999999500,-6.2999999999999500,0.0,3428.550000000000,Winter wheat,2022,Pullman(SAT),22PULSATW
350,2022-12-17,0.0,87.7,68.8,78.3,66.4,-8.149999999999980,-4.0499999999999500,-6.099999999999970,0.0,3428.550000000000,Winter wheat,2022,Pullman(SAT),22PULSATW
351,2022-12-18,4.3,93.1,65.3,79.2,58.900000000000000,-6.949999999999990,-1.349999999999970,-4.149999999999980,0.0,3428.550000000000,Winter wheat,2022,Pullman(SAT),22PULSATW
352,2022-12-19,8.9,100.0,100.0,100.0,38.8,-8.349999999999970,-4.449999999999990,-6.399999999999980,0.0,3428.550000000000,Winter wheat,2022,Pullman(SAT),22PULSATW
353,2022-12-20,4.3,100.0,94.6,97.3,25.1,-12.450000000000000,-1.25,-6.849999999999990,0.0,3428.550000000000,Winter wheat,2022,Pullman(SAT),22PULSATW
354,2022-12-21,0.0,100.0,89.5,94.8,55.7,-25.95000000000000,-11.450000000000000,-18.70000000000000,0.0,3428.550000000000,Winter wheat,2022,Pullman(SAT),22PULSATW
355,2022-12-22,2.6,87.5,33.1,60.3,60.0,-24.050000000000000,-12.150000000000000,-18.10000000000000,0.0,3428.550000000000,Winter wheat,2022,Pullman(SAT),22PULSATW
356,2022-12-23,11.7,100.0,56.5,78.3,23.700000000000000,-13.950000000000000,-4.5499999999999500,-9.249999999999970,0.0,3428.550000000000,Winter wheat,2022,Pullman(SAT),22PULSATW
357,2022-12-24,4.4,100.0,72.2,86.1,32.800000000000000,-3.4499999999999900,2.050000000000010,-0.6999999999999890,0.0,3428.550000000000,Winter wheat,2022,Pullman(SAT),22PULSATW
358,2022-12-25,3.5,94.2,76.80000000000000,85.5,36.2,0.6500000000000340,4.4500000000000500,2.55000000000004,2.55000000000004,3431.100000000000,Winter wheat,2022,Pullman(SAT),22PULSATW
359,2022-12-26,19.4,100.0,78.10000000000000,89.05,30.3,1.4500000000000500,6.350000000000020,3.900000000000030,3.900000000000030,3435.000000000000,Winter wheat,2022,Pullman(SAT),22PULSATW
360,2022-12-27,18.4,100.0,74.0,87.0,47.3,1.4500000000000500,8.25,4.850000000000020,4.850000000000020,3439.850000000000,Winter wheat,2022,Pullman(SAT),22PULSATW
361,2022-12-28,0.0,95.1,76.4,85.8,51.1,-0.5499999999999550,3.450000000000050,1.4500000000000500,1.4500000000000500,3441.300000000000,Winter wheat,2022,Pullman(SAT),22PULSATW
362,2022-12-29,7.0,91.2,68.3,79.8,60.1,-0.75,4.150000000000030,1.700000000000020,1.700000000000020,3443.000000000000,Winter wheat,2022,Pullman(SAT),22PULSATW
363,2022-12-30,3.8,92.9,73.0,83.0,60.400000000000000,0.75,5.050000000000010,2.9000000000000100,2.9000000000000100,3445.900000000000,Winter wheat,2022,Pullman(SAT),22PULSATW
364,2022-12-31,0.0,100.0,71.0,85.5,51.0,-0.4499999999999890,6.150000000000030,2.8500000000000200,2.8500000000000200,3448.750000000000,Winter wheat,2022,Pullman(SAT),22PULSATW